abilities,attack,base_happiness,base_total,capture_rate,defense,experience_growth,height_m,percentage_male,hp,name,sp_attack,sp_defense,speed,type1,weight_kg,generation,is_legendary,has_sturdy,has_swift_swim,has_keen_eye,has_chlorophyll,has_levitate
"['Overgrow', 'Chlorophyll']",49,70,318,45,49,1059860,0.7,88.1,45,Bulbasaur,65,65,45,grass,6.9,1,0,0,0,0,1,0
"['Overgrow', 'Chlorophyll']",62,70,405,45,63,1059860,1,88.1,60,Ivysaur,80,80,60,grass,13,1,0,0,0,0,1,0
"['Overgrow', 'Chlorophyll']",100,70,625,45,123,1059860,2,88.1,80,Venusaur,122,120,80,grass,100,1,0,0,0,0,1,0
"['Blaze', 'Solar Power']",52,70,309,45,43,1059860,0.6,88.1,39,Charmander,60,50,65,fire,8.5,1,0,0,0,0,0,0
"['Blaze', 'Solar Power']",64,70,405,45,58,1059860,1.1,88.1,58,Charmeleon,80,65,80,fire,19,1,0,0,0,0,0,0
"['Blaze', 'Solar Power']",104,70,634,45,78,1059860,1.7,88.1,78,Charizard,159,115,100,fire,90.5,1,0,0,0,0,0,0
"['Torrent', 'Rain Dish']",48,70,314,45,65,1059860,0.5,88.1,44,Squirtle,50,64,43,water,9,1,0,0,0,0,0,0
"['Torrent', 'Rain Dish']",63,70,405,45,80,1059860,1,88.1,59,Wartortle,65,80,58,water,22.5,1,0,0,0,0,0,0
"['Torrent', 'Rain Dish']",103,70,630,45,120,1059860,1.6,88.1,79,Blastoise,135,115,78,water,85.5,1,0,0,0,0,0,0
"['Shield Dust', 'Run Away']",30,70,195,255,35,1000000,0.3,50,45,Caterpie,20,20,45,bug,2.9,1,0,0,0,0,0,0
['Shed Skin'],20,70,205,120,55,1000000,0.7,50,50,Metapod,25,25,30,bug,9.9,1,0,0,0,0,0,0
"['Compoundeyes', 'Tinted Lens']",45,70,395,45,50,1000000,1.1,50,60,Butterfree,90,80,70,bug,32,1,0,0,0,0,0,0
"['Shield Dust', 'Run Away']",35,70,195,255,30,1000000,0.3,50,40,Weedle,20,20,50,bug,3.2,1,0,0,0,0,0,0
['Shed Skin'],25,70,205,120,50,1000000,0.6,50,45,Kakuna,25,25,35,bug,10,1,0,0,0,0,0,0
"['Swarm', 'Sniper']",150,70,495,45,40,1000000,1,50,65,Beedrill,15,80,145,bug,29.5,1,0,0,0,0,0,0
"['Keen Eye', 'Tangled Feet', 'Big Pecks']",45,70,251,255,40,1059860,0.3,50,40,Pidgey,35,35,56,normal,1.8,1,0,0,0,1,0,0
"['Keen Eye', 'Tangled Feet', 'Big Pecks']",60,70,349,120,55,1059860,1.1,50,63,Pidgeotto,50,50,71,normal,30,1,0,0,0,1,0,0
"['Keen Eye', 'Tangled Feet', 'Big Pecks']",80,70,579,45,80,1059860,1.5,50,83,Pidgeot,135,80,121,normal,39.5,1,0,0,0,1,0,0
"['Run Away', 'Guts', 'Hustle', 'Gluttony', 'Hustle', 'Thick Fat']",56,70,253,255,35,1000000,NA,50,30,Rattata,25,35,72,normal,NA,1,0,0,0,0,0,0
"['Run Away', 'Guts', 'Hustle', 'Gluttony', 'Hustle', 'Thick Fat']",71,70,413,127,70,1000000,NA,50,75,Raticate,40,80,77,normal,NA,1,0,0,0,0,0,0
"['Keen Eye', 'Sniper']",60,70,262,255,30,1000000,0.3,50,40,Spearow,31,31,70,normal,2,1,0,0,0,1,0,0
"['Keen Eye', 'Sniper']",90,70,442,90,65,1000000,1.2,50,65,Fearow,61,61,100,normal,38,1,0,0,0,1,0,0
"['Intimidate', 'Shed Skin', 'Unnerve']",60,70,288,255,44,1000000,2,50,35,Ekans,40,54,55,poison,6.9,1,0,0,0,0,0,0
"['Intimidate', 'Shed Skin', 'Unnerve']",95,70,448,90,69,1000000,3.5,50,60,Arbok,65,79,80,poison,65,1,0,0,0,0,0,0
"['Static', 'Lightningrod']",55,70,320,190,40,1000000,0.4,50,35,Pikachu,50,50,90,electric,6,1,0,0,0,0,0,0
"['Static', 'Lightningrod', 'Surge Surfer']",85,70,485,75,50,1000000,NA,50,60,Raichu,95,85,110,electric,NA,1,0,0,0,0,0,0
"['Sand Veil', 'Sand Rush', 'Snow Cloak', 'Slush Rush']",75,70,300,255,90,1000000,NA,50,50,Sandshrew,10,35,40,ground,NA,1,0,0,0,0,0,0
"['Sand Veil', 'Sand Rush', 'Snow Cloak', 'Slush Rush']",100,70,450,90,120,1000000,NA,50,75,Sandslash,25,65,65,ground,NA,1,0,0,0,0,0,0
"['Poison Point', 'Rivalry', 'Hustle']",47,70,275,235,52,1059860,0.4,0,55,Nidoran♀,40,40,41,poison,7,1,0,0,0,0,0,0
"['Poison Point', 'Rivalry', 'Hustle']",62,70,365,120,67,1059860,0.8,0,70,Nidorina,55,55,56,poison,20,1,0,0,0,0,0,0
"['Poison Point', 'Rivalry', 'Sheer Force']",92,70,505,45,87,1059860,1.3,0,90,Nidoqueen,75,85,76,poison,60,1,0,0,0,0,0,0
"['Poison Point', 'Rivalry', 'Hustle']",57,70,273,235,40,1059860,0.5,100,46,Nidoran♂,40,40,50,poison,9,1,0,0,0,0,0,0
"['Poison Point', 'Rivalry', 'Hustle']",72,70,365,120,57,1059860,0.9,100,61,Nidorino,55,55,65,poison,19.5,1,0,0,0,0,0,0
"['Poison Point', 'Rivalry', 'Sheer Force']",102,70,505,45,77,1059860,1.4,100,81,Nidoking,85,75,85,poison,62,1,0,0,0,0,0,0
"['Cute Charm', 'Magic Guard', 'Friend Guard']",45,140,323,150,48,800000,0.6,24.6,70,Clefairy,60,65,35,fairy,7.5,1,0,0,0,0,0,0
"['Cute Charm', 'Magic Guard', 'Unaware']",70,140,483,25,73,800000,1.3,24.6,95,Clefable,95,90,60,fairy,40,1,0,0,0,0,0,0
"['Flash Fire', 'Drought', 'Snow Cloak', 'Snow Warning']",41,70,299,190,40,1000000,NA,24.6,38,Vulpix,50,65,65,fire,NA,1,0,0,0,0,0,0
"['Flash Fire', 'Drought', 'Snow Cloak', 'Snow Warning']",67,70,505,75,75,1000000,NA,24.6,73,Ninetales,81,100,109,fire,NA,1,0,0,0,0,0,0
"['Cute Charm', 'Competitive', 'Friend Guard']",45,70,270,170,20,800000,0.5,24.6,115,Jigglypuff,45,25,20,normal,5.5,1,0,0,0,0,0,0
"['Cute Charm', 'Competitive', 'Frisk']",70,70,435,50,45,800000,1,24.6,140,Wigglytuff,85,50,45,normal,12,1,0,0,0,0,0,0
"['Inner Focus', 'Infiltrator']",45,70,245,255,35,1000000,0.8,50,40,Zubat,30,40,55,poison,7.5,1,0,0,0,0,0,0
"['Inner Focus', 'Infiltrator']",80,70,455,90,70,1000000,1.6,50,75,Golbat,65,75,90,poison,55,1,0,0,0,0,0,0
"['Chlorophyll', 'Run Away']",50,70,320,255,55,1059860,0.5,50,45,Oddish,75,65,30,grass,5.4,1,0,0,0,0,1,0
"['Chlorophyll', 'Stench']",65,70,395,120,70,1059860,0.8,50,60,Gloom,85,75,40,grass,8.6,1,0,0,0,0,1,0
"['Chlorophyll', 'Effect Spore']",80,70,490,45,85,1059860,1.2,50,75,Vileplume,110,90,50,grass,18.6,1,0,0,0,0,1,0
"['Effect Spore', 'Dry Skin', 'Damp']",70,70,285,190,55,1000000,0.3,50,35,Paras,45,55,25,bug,5.4,1,0,0,0,0,0,0
"['Effect Spore', 'Dry Skin', 'Damp']",95,70,405,75,80,1000000,1,50,60,Parasect,60,80,30,bug,29.5,1,0,0,0,0,0,0
"['Compoundeyes', 'Tinted Lens', 'Run Away']",55,70,305,190,50,1000000,1,50,60,Venonat,40,55,45,bug,30,1,0,0,0,0,0,0
"['Shield Dust', 'Tinted Lens', 'Wonder Skin ']",65,70,450,75,60,1000000,1.5,50,70,Venomoth,90,75,90,bug,12.5,1,0,0,0,0,0,0
"['Sand Veil', 'Arena Trap', 'Sand Force', 'Sand Veil', 'Tangling Hair', 'Sand Force']",55,70,265,255,30,1000000,NA,50,10,Diglett,35,45,90,ground,NA,1,0,0,0,0,0,0
"['Sand Veil', 'Arena Trap', 'Sand Force', 'Sand Veil', 'Tangling Hair', 'Sand Force']",100,70,425,50,60,1000000,NA,50,35,Dugtrio,50,70,110,ground,NA,1,0,0,0,0,0,0
"['Pickup', 'Technician', 'Unnerve', 'Pickup', 'Technician', 'Rattled']",35,70,290,255,35,1000000,NA,50,40,Meowth,50,40,90,normal,NA,1,0,0,0,0,0,0
"['Limber', 'Technician', 'Unnerve', 'Fur Coat', 'Technician', 'Rattled']",60,70,440,90,60,1000000,NA,50,65,Persian,75,65,115,normal,NA,1,0,0,0,0,0,0
"['Damp', 'Cloud Nine', 'Swift Swim']",52,70,320,190,48,1000000,0.8,50,50,Psyduck,65,50,55,water,19.6,1,0,0,1,0,0,0
"['Damp', 'Cloud Nine', 'Swift Swim']",82,70,500,75,78,1000000,1.7,50,80,Golduck,95,80,85,water,76.6,1,0,0,1,0,0,0
"['Vital Spirit', 'Anger Point', 'Defiant']",80,70,305,190,35,1000000,0.5,50,40,Mankey,35,45,70,fighting,28,1,0,0,0,0,0,0
"['Vital Spirit', 'Anger Point', 'Defiant']",105,70,455,75,60,1000000,1,50,65,Primeape,60,70,95,fighting,32,1,0,0,0,0,0,0
"['Intimidate', 'Flash Fire', 'Justified']",70,70,350,190,45,1250000,0.7,75.4,55,Growlithe,70,50,60,fire,19,1,0,0,0,0,0,0
"['Intimidate', 'Flash Fire', 'Justified']",110,70,555,75,80,1250000,1.9,75.4,90,Arcanine,100,80,95,fire,155,1,0,0,0,0,0,0
"['Water Absorb', 'Damp', 'Swift Swim']",50,70,300,255,40,1059860,0.6,50,40,Poliwag,40,40,90,water,12.4,1,0,0,1,0,0,0
"['Water Absorb', 'Damp', 'Swift Swim']",65,70,385,120,65,1059860,1,50,65,Poliwhirl,50,50,90,water,20,1,0,0,1,0,0,0
"['Water Absorb', 'Damp', 'Swift Swim']",95,70,510,45,95,1059860,1.3,50,90,Poliwrath,70,90,70,water,54,1,0,0,1,0,0,0
"['Synchronize', 'Inner Focus', 'Magic Guard']",20,70,310,200,15,1059860,0.9,75.4,25,Abra,105,55,90,psychic,19.5,1,0,0,0,0,0,0
"['Synchronize', 'Inner Focus', 'Magic Guard']",35,70,400,100,30,1059860,1.3,75.4,40,Kadabra,120,70,105,psychic,56.5,1,0,0,0,0,0,0
"['Synchronize', 'Inner Focus', 'Magic Guard']",50,70,600,50,65,1059860,1.5,75.4,55,Alakazam,175,105,150,psychic,48,1,0,0,0,0,0,0
"['Guts', 'No Guard', 'Steadfast']",80,70,305,180,50,1059860,0.8,75.4,70,Machop,35,35,35,fighting,19.5,1,0,0,0,0,0,0
"['Guts', 'No Guard', 'Steadfast']",100,70,405,90,70,1059860,1.5,75.4,80,Machoke,50,60,45,fighting,70.5,1,0,0,0,0,0,0
"['Guts', 'No Guard', 'Steadfast']",130,70,505,45,80,1059860,1.6,75.4,90,Machamp,65,85,55,fighting,130,1,0,0,0,0,0,0
"['Chlorophyll', 'Gluttony']",75,70,300,255,35,1059860,0.7,50,50,Bellsprout,70,30,40,grass,4,1,0,0,0,0,1,0
"['Chlorophyll', 'Gluttony']",90,70,390,120,50,1059860,1,50,65,Weepinbell,85,45,55,grass,6.4,1,0,0,0,0,1,0
"['Chlorophyll', 'Gluttony']",105,70,490,45,65,1059860,1.7,50,80,Victreebel,100,70,70,grass,15.5,1,0,0,0,0,1,0
"['Clear Body', 'Liquid Ooze', 'Rain Dish']",40,70,335,190,35,1250000,0.9,50,40,Tentacool,50,100,70,water,45.5,1,0,0,0,0,0,0
"['Clear Body', 'Liquid Ooze', 'Rain Dish']",70,70,515,60,65,1250000,1.6,50,80,Tentacruel,80,120,100,water,55,1,0,0,0,0,0,0
"['Rock Head', 'Sturdy', 'Sand Veil', 'Magnet Pull', 'Sturdy', 'Galvanize']",80,70,300,255,100,1059860,NA,50,40,Geodude,30,30,20,rock,NA,1,0,1,0,0,0,0
"['Rock Head', 'Sturdy', 'Sand Veil', 'Magnet Pull', 'Sturdy', 'Galvanize']",95,70,390,120,115,1059860,NA,50,55,Graveler,45,45,35,rock,NA,1,0,1,0,0,0,0
"['Rock Head', 'Sturdy', 'Sand Veil', 'Magnet Pull', 'Sturdy', 'Galvanize']",120,70,495,45,130,1059860,NA,50,80,Golem,55,65,45,rock,NA,1,0,1,0,0,0,0
"['Run Away', 'Flash Fire', 'Flame Body']",85,70,410,190,55,1000000,1,50,50,Ponyta,65,65,90,fire,30,1,0,0,0,0,0,0
"['Run Away', 'Flash Fire', 'Flame Body']",100,70,500,60,70,1000000,1.7,50,65,Rapidash,80,80,105,fire,95,1,0,0,0,0,0,0
"['Oblivious', 'Own Tempo', 'Regenerator']",65,70,315,190,65,1000000,1.2,50,90,Slowpoke,40,40,15,water,36,1,0,0,0,0,0,0
"['Oblivious', 'Own Tempo', 'Regenerator']",75,70,590,75,180,1000000,1.6,50,95,Slowbro,130,80,30,water,78.5,1,0,0,0,0,0,0
"['Magnet Pull', 'Sturdy', 'Analytic']",35,70,325,190,70,1000000,0.3,NA,25,Magnemite,95,55,45,electric,6,1,0,1,0,0,0,0
"['Magnet Pull', 'Sturdy', 'Analytic']",60,70,465,60,95,1000000,1,NA,50,Magneton,120,70,70,electric,60,1,0,1,0,0,0,0
"['Keen Eye', 'Inner Focus', 'Defiant']",90,70,377,45,55,1000000,0.8,50,52,Farfetch'd,58,62,60,normal,15,1,0,0,0,1,0,0
"['Run Away', 'Early Bird', 'Tangled Feet']",85,70,310,190,45,1000000,1.4,50,35,Doduo,35,35,75,normal,39.2,1,0,0,0,0,0,0
"['Run Away', 'Early Bird', 'Tangled Feet']",110,70,470,45,70,1000000,1.8,50,60,Dodrio,60,60,110,normal,85.2,1,0,0,0,0,0,0
"['Thick Fat', 'Hydration', 'Ice Body']",45,70,325,190,55,1000000,1.1,50,65,Seel,45,70,45,water,90,1,0,0,0,0,0,0
"['Thick Fat', 'Hydration', 'Ice Body']",70,70,475,75,80,1000000,1.7,50,90,Dewgong,70,95,70,water,120,1,0,0,0,0,0,0
"['Stench', 'Sticky Hold', 'Poison Touch', 'Poison Touch', 'Gluttony', 'Power of Alchemy']",80,70,325,190,50,1000000,NA,50,80,Grimer,40,50,25,poison,NA,1,0,0,0,0,0,0
"['Stench', 'Sticky Hold', 'Poison Touch', 'Poison Touch', 'Gluttony', 'Power of Alchemy']",105,70,500,75,75,1000000,NA,50,105,Muk,65,100,50,poison,NA,1,0,0,0,0,0,0
"['Shell Armor', 'Skill Link', 'Overcoat']",65,70,305,190,100,1250000,0.3,50,30,Shellder,45,25,40,water,4,1,0,0,0,0,0,0
"['Shell Armor', 'Skill Link', 'Overcoat']",95,70,525,60,180,1250000,1.5,50,50,Cloyster,85,45,70,water,132.5,1,0,0,0,0,0,0
['Levitate'],35,70,310,190,30,1059860,1.3,50,30,Gastly,100,35,80,ghost,0.1,1,0,0,0,0,0,1
['Levitate'],50,70,405,90,45,1059860,1.6,50,45,Haunter,115,55,95,ghost,0.1,1,0,0,0,0,0,1
['Cursed Body'],65,70,600,45,80,1059860,1.5,50,60,Gengar,170,95,130,ghost,40.5,1,0,0,0,0,0,0
"['Rock Head', 'Sturdy', 'Weak Armor']",45,70,385,45,160,1000000,8.8,50,35,Onix,30,45,70,rock,210,1,0,1,0,0,0,0
"['Insomnia', 'Forewarn', 'Inner Focus']",48,70,328,190,45,1000000,1,50,60,Drowzee,43,90,42,psychic,32.4,1,0,0,0,0,0,0
"['Insomnia', 'Forewarn', 'Inner Focus']",73,70,483,75,70,1000000,1.6,50,85,Hypno,73,115,67,psychic,75.6,1,0,0,0,0,0,0
"['Hyper Cutter', 'Shell Armor', 'Sheer Force']",105,70,325,225,90,1000000,0.4,50,30,Krabby,25,25,50,water,6.5,1,0,0,0,0,0,0
"['Hyper Cutter', 'Shell Armor', 'Sheer Force']",130,70,475,60,115,1000000,1.3,50,55,Kingler,50,50,75,water,60,1,0,0,0,0,0,0
"['Soundproof', 'Static', 'Aftermath']",30,70,330,190,50,1000000,0.5,NA,40,Voltorb,55,55,100,electric,10.4,1,0,0,0,0,0,0
"['Soundproof', 'Static', 'Aftermath']",50,70,490,60,70,1000000,1.2,NA,60,Electrode,80,80,150,electric,66.6,1,0,0,0,0,0,0
"['Chlorophyll', 'Harvest']",40,70,325,90,80,1250000,0.4,50,60,Exeggcute,60,45,40,grass,2.5,1,0,0,0,0,1,0
"['Chlorophyll', 'Harvest', 'Frisk', 'Harvest']",105,70,530,45,85,1250000,NA,50,95,Exeggutor,125,75,45,grass,NA,1,0,0,0,0,1,0
"['Rock Head', 'Lightningrod', 'Battle Armor']",50,70,320,190,95,1000000,0.4,50,50,Cubone,40,50,35,ground,6.5,1,0,0,0,0,0,0
"['Rock Head', 'Lightningrod', 'Battle Armor', 'Cursed Body', 'Lightningrod', 'Rock Head']",80,70,425,75,110,1000000,NA,50,60,Marowak,50,80,45,ground,NA,1,0,0,0,0,0,0
"['Limber', 'Reckless', 'Unburden']",120,70,455,45,53,1000000,1.5,100,50,Hitmonlee,35,110,87,fighting,49.8,1,0,0,0,0,0,0
"['Keen Eye', 'Iron Fist', 'Inner Focus']",105,70,455,45,79,1000000,1.4,100,50,Hitmonchan,35,110,76,fighting,50.2,1,0,0,0,1,0,0
"['Own Tempo', 'Oblivious', 'Cloud Nine']",55,70,385,45,75,1000000,1.2,50,90,Lickitung,60,75,30,normal,65.5,1,0,0,0,0,0,0
['Levitate'],65,70,340,190,95,1000000,0.6,50,40,Koffing,60,45,35,poison,1,1,0,0,0,0,0,1
['Levitate'],90,70,490,60,120,1000000,1.2,50,65,Weezing,85,70,60,poison,9.5,1,0,0,0,0,0,1
"['Lightningrod', 'Rock Head', 'Reckless']",85,70,345,120,95,1250000,1,50,80,Rhyhorn,30,30,25,ground,115,1,0,0,0,0,0,0
"['Lightningrod', 'Rock Head', 'Reckless']",130,70,485,60,120,1250000,1.9,50,105,Rhydon,45,45,40,ground,120,1,0,0,0,0,0,0
"['Natural Cure', 'Serene Grace', 'Healer']",5,140,450,30,5,800000,1.1,0,250,Chansey,35,105,50,normal,34.6,1,0,0,0,0,0,0
"['Chlorophyll', 'Leaf Guard', 'Regenerator']",55,70,435,45,115,1000000,1,50,65,Tangela,100,40,60,grass,35,1,0,0,0,0,1,0
"['Early Bird', 'Scrappy', 'Inner Focus']",125,70,590,45,100,1000000,2.2,0,105,Kangaskhan,60,100,100,normal,80,1,0,0,0,0,0,0
"['Swift Swim', 'Sniper', 'Damp']",40,70,295,225,70,1000000,0.4,50,30,Horsea,70,25,60,water,8,1,0,0,1,0,0,0
"['Poison Point', 'Sniper', 'Damp']",65,70,440,75,95,1000000,1.2,50,55,Seadra,95,45,85,water,25,1,0,0,0,0,0,0
"['Swift Swim', 'Water Veil', 'Lightningrod']",67,70,320,225,60,1000000,0.6,50,45,Goldeen,35,50,63,water,15,1,0,0,1,0,0,0
"['Swift Swim', 'Water Veil', 'Lightningrod']",92,70,450,60,65,1000000,1.3,50,80,Seaking,65,80,68,water,39,1,0,0,1,0,0,0
"['Illuminate', 'Natural Cure', 'Analytic']",45,70,340,225,55,1250000,0.8,NA,30,Staryu,70,55,85,water,34.5,1,0,0,0,0,0,0
"['Illuminate', 'Natural Cure', 'Analytic']",75,70,520,60,85,1250000,1.1,NA,60,Starmie,100,85,115,water,80,1,0,0,0,0,0,0
"['Soundproof', 'Filter', 'Technician']",45,70,460,45,65,1000000,1.3,50,40,Mr. Mime,100,120,90,psychic,54.5,1,0,0,0,0,0,0
"['Swarm', 'Technician', 'Steadfast']",110,70,500,45,80,1000000,1.5,50,70,Scyther,55,80,105,bug,56,1,0,0,0,0,0,0
"['Oblivious', 'Forewarn', 'Dry Skin']",50,70,455,45,35,1000000,1.4,0,65,Jynx,115,95,95,ice,40.6,1,0,0,0,0,0,0
"['Static', 'Vital Spirit']",83,70,490,45,57,1000000,1.1,75.4,65,Electabuzz,95,85,105,electric,30,1,0,0,0,0,0,0
"['Flame Body', 'Vital Spirit']",95,70,495,45,57,1000000,1.3,75.4,65,Magmar,100,85,93,fire,44.5,1,0,0,0,0,0,0
"['Hyper Cutter', 'Mold Breaker', 'Moxie']",155,70,600,45,120,1250000,1.5,50,65,Pinsir,65,90,105,bug,55,1,0,0,0,0,0,0
"['Intimidate', 'Anger Point', 'Sheer Force']",100,70,490,45,95,1250000,1.4,100,75,Tauros,40,70,110,normal,88.4,1,0,0,0,0,0,0
"['Swift Swim', 'Rattled']",10,70,200,255,55,1250000,0.9,50,20,Magikarp,15,20,80,water,10,1,0,0,1,0,0,0
"['Intimidate', 'Moxie']",155,70,640,45,109,1250000,6.5,50,95,Gyarados,70,130,81,water,235,1,0,0,0,0,0,0
"['Water Absorb', 'Shell Armor', 'Hydration']",85,70,535,45,80,1250000,2.5,50,130,Lapras,85,95,60,water,220,1,0,0,0,0,0,0
"['Limber', 'Imposter']",48,70,288,35,48,1000000,0.3,NA,48,Ditto,48,48,48,normal,4,1,0,0,0,0,0,0
"['Run Away', 'Adaptability', 'Anticipation']",55,70,325,45,50,1000000,0.3,88.1,55,Eevee,45,65,55,normal,6.5,1,0,0,0,0,0,0
"['Water Absorb', 'Hydration']",65,70,525,45,60,1000000,1,88.1,130,Vaporeon,110,95,65,water,29,1,0,0,0,0,0,0
"['Volt Absorb', 'Quick Feet']",65,70,525,45,60,1000000,0.8,88.1,65,Jolteon,110,95,130,electric,24.5,1,0,0,0,0,0,0
"['Flash Fire', 'Guts']",130,70,525,45,60,1000000,0.9,88.1,65,Flareon,95,110,65,fire,25,1,0,0,0,0,0,0
"['Trace', 'Download', 'Analytic']",60,70,395,45,70,1000000,0.8,NA,65,Porygon,85,75,40,normal,36.5,1,0,0,0,0,0,0
"['Swift Swim', 'Shell Armor', 'Weak Armor']",40,70,355,45,100,1000000,0.4,88.1,35,Omanyte,90,55,35,rock,7.5,1,0,0,1,0,0,0
"['Swift Swim', 'Shell Armor', 'Weak Armor']",60,70,495,45,125,1000000,1,88.1,70,Omastar,115,70,55,rock,35,1,0,0,1,0,0,0
"['Swift Swim', 'Battle Armor', 'Weak Armor']",80,70,355,45,90,1000000,0.5,88.1,30,Kabuto,55,45,55,rock,11.5,1,0,0,1,0,0,0
"['Swift Swim', 'Battle Armor', 'Weak Armor']",115,70,495,45,105,1000000,1.3,88.1,60,Kabutops,65,70,80,rock,40.5,1,0,0,1,0,0,0
"['Rock Head', 'Pressure', 'Unnerve']",135,70,615,45,85,1250000,1.8,88.1,80,Aerodactyl,70,95,150,rock,59,1,0,0,0,0,0,0
"['Immunity', 'Thick Fat', 'Gluttony']",110,70,540,25,65,1250000,2.1,88.1,160,Snorlax,65,110,30,normal,460,1,0,0,0,0,0,0
"['Pressure', 'Snow Cloak']",85,35,580,3,100,1250000,1.7,NA,90,Articuno,95,125,85,ice,55.4,1,1,0,0,0,0,0
"['Pressure', 'Static']",90,35,580,3,85,1250000,1.6,NA,90,Zapdos,125,90,100,electric,52.6,1,1,0,0,0,0,0
"['Pressure', 'Flame Body']",100,35,580,3,90,1250000,2,NA,90,Moltres,125,85,90,fire,60,1,1,0,0,0,0,0
"['Shed Skin', 'Marvel Scale']",64,35,300,45,45,1250000,1.8,50,41,Dratini,50,50,50,dragon,3.3,1,0,0,0,0,0,0
"['Shed Skin', 'Marvel Scale']",84,35,420,45,65,1250000,4,50,61,Dragonair,70,70,70,dragon,16.5,1,0,0,0,0,0,0
"['Inner Focus', 'Multiscale']",134,35,600,45,95,1250000,2.2,50,91,Dragonite,100,100,80,dragon,210,1,0,0,0,0,0,0
"['Pressure', 'Unnerve']",150,0,780,3,70,1250000,2,NA,106,Mewtwo,194,120,140,psychic,122,1,1,0,0,0,0,0
['Synchronize'],100,100,600,45,100,1059860,0.4,NA,100,Mew,100,100,100,psychic,4,1,1,0,0,0,0,0
"['Overgrow', 'Leaf Guard']",49,70,318,45,65,1059860,0.9,88.1,45,Chikorita,49,65,45,grass,6.4,2,0,0,0,0,0,0
"['Overgrow', 'Leaf Guard']",62,70,405,45,80,1059860,1.2,88.1,60,Bayleef,63,80,60,grass,15.8,2,0,0,0,0,0,0
"['Overgrow', 'Leaf Guard']",82,70,525,45,100,1059860,1.8,88.1,80,Meganium,83,100,80,grass,100.5,2,0,0,0,0,0,0
"['Blaze', 'Flash Fire']",52,70,309,45,43,1059860,0.5,88.1,39,Cyndaquil,60,50,65,fire,7.9,2,0,0,0,0,0,0
"['Blaze', 'Flash Fire']",64,70,405,45,58,1059860,0.9,88.1,58,Quilava,80,65,80,fire,19,2,0,0,0,0,0,0
"['Blaze', 'Flash Fire']",84,70,534,45,78,1059860,1.7,88.1,78,Typhlosion,109,85,100,fire,79.5,2,0,0,0,0,0,0
"['Torrent', 'Sheer Force']",65,70,314,45,64,1059860,0.6,88.1,50,Totodile,44,48,43,water,9.5,2,0,0,0,0,0,0
"['Torrent', 'Sheer Force']",80,70,405,45,80,1059860,1.1,88.1,65,Croconaw,59,63,58,water,25,2,0,0,0,0,0,0
"['Torrent', 'Sheer Force']",105,70,530,45,100,1059860,2.3,88.1,85,Feraligatr,79,83,78,water,88.8,2,0,0,0,0,0,0
"['Run Away', 'Keen Eye', 'Frisk']",46,70,215,255,34,1000000,0.8,50,35,Sentret,35,45,20,normal,6,2,0,0,0,1,0,0
"['Run Away', 'Keen Eye', 'Frisk']",76,70,415,90,64,1000000,1.8,50,85,Furret,45,55,90,normal,32.5,2,0,0,0,1,0,0
"['Insomnia', 'Keen Eye', 'Tinted Lens']",30,70,262,255,30,1000000,0.7,50,60,Hoothoot,36,56,50,normal,21.2,2,0,0,0,1,0,0
"['Insomnia', 'Keen Eye', 'Tinted Lens']",50,70,452,90,50,1000000,1.6,50,100,Noctowl,86,96,70,normal,40.8,2,0,0,0,1,0,0
"['Swarm', 'Early Bird', 'Rattled']",20,70,265,255,30,800000,1,50,40,Ledyba,40,80,55,bug,10.8,2,0,0,0,0,0,0
"['Swarm', 'Early Bird', 'Iron Fist']",35,70,390,90,50,800000,1.4,50,55,Ledian,55,110,85,bug,35.6,2,0,0,0,0,0,0
"['Swarm', 'Insomnia', 'Sniper']",60,70,250,255,40,800000,0.5,50,40,Spinarak,40,40,30,bug,8.5,2,0,0,0,0,0,0
"['Swarm', 'Insomnia', 'Sniper']",90,70,400,90,70,800000,1.1,50,70,Ariados,60,70,40,bug,33.5,2,0,0,0,0,0,0
"['Inner Focus', 'Infiltrator']",90,70,535,90,80,1000000,1.8,50,85,Crobat,70,80,130,poison,75,2,0,0,0,0,0,0
"['Volt Absorb', 'Illuminate', 'Water Absorb']",38,70,330,190,38,1250000,0.5,50,75,Chinchou,56,56,67,water,12,2,0,0,0,0,0,0
"['Volt Absorb', 'Illuminate', 'Water Absorb']",58,70,460,75,58,1250000,1.2,50,125,Lanturn,76,76,67,water,22.5,2,0,0,0,0,0,0
"['Static', 'Lightningrod']",40,70,205,190,15,1000000,0.3,50,20,Pichu,35,35,60,electric,2,2,0,0,0,0,0,0
"['Cute Charm', 'Magic Guard', 'Friend Guard']",25,140,218,150,28,800000,0.3,24.6,50,Cleffa,45,55,15,fairy,3,2,0,0,0,0,0,0
"['Cute Charm', 'Competitive', 'Friend Guard']",30,70,210,170,15,800000,0.3,24.6,90,Igglybuff,40,20,15,normal,1,2,0,0,0,0,0,0
"['Hustle', 'Serene Grace', 'Super Luck']",20,70,245,190,65,800000,0.3,88.1,35,Togepi,40,65,20,fairy,1.5,2,0,0,0,0,0,0
"['Hustle', 'Serene Grace', 'Super Luck']",40,70,405,75,85,800000,0.6,88.1,55,Togetic,80,105,40,fairy,3.2,2,0,0,0,0,0,0
"['Synchronize', 'Early Bird', 'Magic Bounce']",50,70,320,190,45,1000000,0.2,50,40,Natu,70,45,70,psychic,2,2,0,0,0,0,0,0
"['Synchronize', 'Early Bird', 'Magic Bounce']",75,70,470,75,70,1000000,1.5,50,65,Xatu,95,70,95,psychic,15,2,0,0,0,0,0,0
"['Static', 'Plus']",40,70,280,235,40,1059860,0.6,50,55,Mareep,65,45,35,electric,7.8,2,0,0,0,0,0,0
"['Static', 'Plus']",55,70,365,120,55,1059860,0.8,50,70,Flaaffy,80,60,45,electric,13.3,2,0,0,0,0,0,0
"['Static', 'Plus']",95,70,610,45,105,1059860,1.4,50,90,Ampharos,165,110,45,electric,61.5,2,0,0,0,0,0,0
"['Chlorophyll', 'Healer']",80,70,490,45,95,1059860,0.4,50,75,Bellossom,90,100,50,grass,5.8,2,0,0,0,0,1,0
"['Thick Fat', 'Huge Power', 'Sap Sipper']",20,70,250,190,50,800000,0.4,50,70,Marill,20,50,40,water,8.5,2,0,0,0,0,0,0
"['Thick Fat', 'Huge Power', 'Sap Sipper']",50,70,420,75,80,800000,0.8,50,100,Azumarill,60,80,50,water,28.5,2,0,0,0,0,0,0
"['Sturdy', 'Rock Head', 'Rattled']",100,70,410,65,115,1000000,1.2,50,70,Sudowoodo,30,65,30,rock,38,2,0,1,0,0,0,0
"['Water Absorb', 'Damp', 'Drizzle']",75,70,500,45,75,1059860,1.1,50,90,Politoed,90,100,70,water,33.9,2,0,0,0,0,0,0
"['Chlorophyll', 'Leaf Guard', 'Infiltrator']",35,70,250,255,40,1059860,0.4,50,35,Hoppip,35,55,50,grass,0.5,2,0,0,0,0,1,0
"['Chlorophyll', 'Leaf Guard', 'Infiltrator']",45,70,340,120,50,1059860,0.6,50,55,Skiploom,45,65,80,grass,1,2,0,0,0,0,1,0
"['Chlorophyll', 'Leaf Guard', 'Infiltrator']",55,70,460,45,70,1059860,0.8,50,75,Jumpluff,55,95,110,grass,3,2,0,0,0,0,1,0
"['Run Away', 'Pickup', 'Skill Link']",70,70,360,45,55,800000,0.8,50,55,Aipom,40,55,85,normal,11.5,2,0,0,0,0,0,0
"['Chlorophyll', 'Solar Power', 'Early Bird']",30,70,180,235,30,1059860,0.3,50,30,Sunkern,30,30,30,grass,1.8,2,0,0,0,0,1,0
"['Chlorophyll', 'Solar Power', 'Early Bird']",75,70,425,120,55,1059860,0.8,50,75,Sunflora,105,85,30,grass,8.5,2,0,0,0,0,1,0
"['Speed Boost', 'Compoundeyes', 'Frisk']",65,70,390,75,45,1000000,1.2,50,65,Yanma,75,45,95,bug,38,2,0,0,0,0,0,0
"['Damp', 'Water Absorb', 'Unaware']",45,70,210,255,45,1000000,0.4,50,55,Wooper,25,25,15,water,8.5,2,0,0,0,0,0,0
"['Damp', 'Water Absorb', 'Unaware']",85,70,430,90,85,1000000,1.4,50,95,Quagsire,65,65,35,water,75,2,0,0,0,0,0,0
"['Synchronize', 'Magic Bounce']",65,70,525,45,60,1000000,0.9,88.1,65,Espeon,130,95,110,psychic,26.5,2,0,0,0,0,0,0
"['Synchronize', 'Inner Focus']",65,35,525,45,110,1000000,1,88.1,95,Umbreon,60,130,65,dark,27,2,0,0,0,0,0,0
"['Insomnia', 'Super Luck', 'Prankster']",85,35,405,30,42,1059860,0.5,50,60,Murkrow,85,42,91,dark,2.1,2,0,0,0,0,0,0
"['Oblivious', 'Own Tempo', 'Regenerator']",75,70,490,70,80,1000000,2,50,95,Slowking,100,110,30,water,79.5,2,0,0,0,0,0,0
['Levitate'],60,35,435,45,60,800000,0.7,50,60,Misdreavus,85,85,85,ghost,1,2,0,0,0,0,0,1
['Levitate'],72,70,336,225,48,1000000,0.5,NA,48,Unown,72,48,48,psychic,5,2,0,0,0,0,0,1
"['Shadow Tag', 'Telepathy']",33,70,405,45,58,1000000,1.3,50,190,Wobbuffet,33,58,33,psychic,28.5,2,0,0,0,0,0,0
"['Inner Focus', 'Early Bird', 'Sap Sipper']",80,70,455,60,65,1000000,1.5,50,70,Girafarig,90,65,85,normal,41.5,2,0,0,0,0,0,0
"['Sturdy', 'Overcoat']",65,70,290,190,90,1000000,0.6,50,50,Pineco,35,35,15,bug,7.2,2,0,1,0,0,0,0
"['Sturdy', 'Overcoat']",90,70,465,75,140,1000000,1.2,50,75,Forretress,60,60,40,bug,125.8,2,0,1,0,0,0,0
"['Serene Grace', 'Run Away', 'Rattled']",70,70,415,190,70,1000000,1.5,50,100,Dunsparce,65,65,45,normal,14,2,0,0,0,0,0,0
"['Hyper Cutter', 'Sand Veil', 'Immunity']",75,70,430,60,105,1059860,1.1,50,65,Gligar,35,65,85,ground,64.8,2,0,0,0,0,0,0
"['Rock Head', 'Sturdy', 'Sheer Force']",125,70,610,25,230,1000000,9.2,50,75,Steelix,55,95,30,steel,400,2,0,1,0,0,0,0
"['Intimidate', 'Run Away', 'Rattled']",80,70,300,190,50,800000,0.6,24.6,60,Snubbull,40,40,30,fairy,7.8,2,0,0,0,0,0,0
"['Intimidate', 'Quick Feet', 'Rattled']",120,70,450,75,75,800000,1.4,24.6,90,Granbull,60,60,45,fairy,48.7,2,0,0,0,0,0,0
"['Poison Point', 'Swift Swim', 'Intimidate']",95,70,440,45,85,1000000,0.5,50,65,Qwilfish,55,55,85,water,3.9,2,0,0,1,0,0,0
"['Swarm', 'Technician', 'Light Metal']",150,70,600,25,140,1000000,1.8,50,70,Scizor,65,100,75,bug,118,2,0,0,0,0,0,0
"['Sturdy', 'Gluttony', 'Contrary']",10,70,505,190,230,1059860,0.6,50,20,Shuckle,10,230,5,bug,20.5,2,0,1,0,0,0,0
"['Swarm', 'Guts', 'Moxie']",185,70,600,45,115,1250000,1.5,50,80,Heracross,40,105,75,bug,54,2,0,0,0,0,0,0
"['Inner Focus', 'Keen Eye', 'Pickpocket']",95,35,430,60,55,1059860,0.9,50,55,Sneasel,35,75,115,dark,28,2,0,0,0,1,0,0
"['Pickup', 'Quick Feet', 'Honey Gather']",80,70,330,120,50,1000000,0.6,50,60,Teddiursa,50,50,40,normal,8.8,2,0,0,0,0,0,0
"['Guts', 'Quick Feet', 'Unnerve']",130,70,500,60,75,1000000,1.8,50,90,Ursaring,75,75,55,normal,125.8,2,0,0,0,0,0,0
"['Magma Armor', 'Flame Body', 'Weak Armor']",40,70,250,190,40,1000000,0.7,50,40,Slugma,70,40,20,fire,35,2,0,0,0,0,0,0
"['Magma Armor', 'Flame Body', 'Weak Armor']",50,70,430,75,120,1000000,0.8,50,60,Magcargo,90,80,30,fire,55,2,0,0,0,0,0,0
"['Oblivious', 'Snow Cloak', 'Thick Fat']",50,70,250,225,40,1250000,0.4,50,50,Swinub,30,30,50,ice,6.5,2,0,0,0,0,0,0
"['Oblivious', 'Snow Cloak', 'Thick Fat']",100,70,450,75,80,1250000,1.1,50,100,Piloswine,60,60,50,ice,55.8,2,0,0,0,0,0,0
"['Hustle', 'Natural Cure', 'Regenerator']",55,70,410,60,95,800000,0.6,24.6,65,Corsola,65,95,35,water,5,2,0,0,0,0,0,0
"['Hustle', 'Sniper', 'Moody']",65,70,300,190,35,1000000,0.6,50,35,Remoraid,65,35,65,water,12,2,0,0,0,0,0,0
"['Suction Cups', 'Sniper', 'Moody']",105,70,480,75,75,1000000,0.9,50,75,Octillery,105,75,45,water,28.5,2,0,0,0,0,0,0
"['Vital Spirit', 'Hustle', 'Insomnia']",55,70,330,45,45,800000,0.9,50,45,Delibird,65,45,75,ice,16,2,0,0,0,0,0,0
"['Swift Swim', 'Water Absorb', 'Water Veil']",40,70,485,25,70,1250000,2.1,50,85,Mantine,80,140,70,water,220,2,0,0,1,0,0,0
"['Keen Eye', 'Sturdy', 'Weak Armor']",80,70,465,25,140,1250000,1.7,50,65,Skarmory,40,70,70,steel,50.5,2,0,1,0,1,0,0
"['Early Bird', 'Flash Fire', 'Unnerve']",60,35,330,120,30,1250000,0.6,50,45,Houndour,80,50,65,dark,10.8,2,0,0,0,0,0,0
"['Early Bird', 'Flash Fire', 'Unnerve']",90,35,600,45,90,1250000,1.4,50,75,Houndoom,140,90,115,dark,35,2,0,0,0,0,0,0
"['Swift Swim', 'Sniper', 'Damp']",95,70,540,45,95,1000000,1.8,50,75,Kingdra,95,95,85,water,152,2,0,0,1,0,0,0
"['Pickup', 'Sand Veil']",60,70,330,120,60,1000000,0.5,50,90,Phanpy,40,40,40,ground,33.5,2,0,0,0,0,0,0
"['Sturdy', 'Sand Veil']",120,70,500,60,120,1000000,1.1,50,90,Donphan,60,60,50,ground,120,2,0,1,0,0,0,0
"['Trace', 'Download', 'Analytic']",80,70,515,45,90,1000000,0.6,NA,85,Porygon2,105,95,60,normal,32.5,2,0,0,0,0,0,0
"['Intimidate', 'Frisk', 'Sap Sipper']",95,70,465,45,62,1250000,1.4,50,73,Stantler,85,65,85,normal,71.2,2,0,0,0,0,0,0
"['Own Tempo', 'Technician', 'Moody']",20,70,250,45,35,800000,1.2,50,55,Smeargle,20,45,75,normal,58,2,0,0,0,0,0,0
"['Guts', 'Steadfast', 'Vital Spirit']",35,70,210,75,35,1000000,0.7,100,35,Tyrogue,35,35,35,fighting,21,2,0,0,0,0,0,0
"['Intimidate', 'Technician', 'Steadfast']",95,70,455,45,95,1000000,1.4,100,50,Hitmontop,35,110,70,fighting,48,2,0,0,0,0,0,0
"['Oblivious', 'Forewarn', 'Hydration']",30,70,305,45,15,1000000,0.4,0,45,Smoochum,85,65,65,ice,6,2,0,0,0,0,0,0
"['Static', 'Vital Spirit']",63,70,360,45,37,1000000,0.6,75.4,45,Elekid,65,55,95,electric,23.5,2,0,0,0,0,0,0
"['Flame Body', 'Vital Spirit']",75,70,365,45,37,1000000,0.7,75.4,45,Magby,70,55,83,fire,21.4,2,0,0,0,0,0,0
"['Thick Fat', 'Scrappy', 'Sap Sipper']",80,70,490,45,105,1250000,1.2,0,95,Miltank,40,70,100,normal,75.5,2,0,0,0,0,0,0
"['Natural Cure', 'Serene Grace', 'Healer']",10,140,540,30,10,800000,1.5,0,255,Blissey,75,135,55,normal,46.8,2,0,0,0,0,0,0
"['Pressure', 'Inner Focus']",85,35,580,3,75,1250000,1.9,NA,90,Raikou,115,100,115,electric,178,2,1,0,0,0,0,0
"['Pressure', 'Inner Focus']",115,35,580,3,85,1250000,2.1,NA,115,Entei,90,75,100,fire,198,2,1,0,0,0,0,0
"['Pressure', 'Inner Focus']",75,35,580,3,115,1250000,2,NA,100,Suicune,90,115,85,water,187,2,1,0,0,0,0,0
"['Guts', 'Sand Veil']",64,35,300,45,50,1250000,0.6,50,50,Larvitar,45,50,41,rock,72,2,0,0,0,0,0,0
['Shed Skin'],84,35,410,45,70,1250000,1.2,50,70,Pupitar,65,70,51,rock,152,2,0,0,0,0,0,0
"['Sand Stream', 'Unnerve']",164,35,700,45,150,1250000,2,50,100,Tyranitar,95,120,71,rock,202,2,0,0,0,0,0,0
"['Pressure', 'Multiscale']",90,0,680,3,130,1250000,5.2,NA,106,Lugia,90,154,110,psychic,216,2,1,0,0,0,0,0
"['Pressure', 'Regenerator']",130,0,680,3,90,1250000,3.8,NA,106,Ho-Oh,110,154,90,fire,199,2,1,0,0,0,0,0
['Natural Cure'],100,100,600,45,100,1059860,0.6,NA,100,Celebi,100,100,100,psychic,5,2,1,0,0,0,0,0
"['Overgrow', 'Unburden']",45,70,310,45,35,1059860,0.5,88.1,40,Treecko,65,55,70,grass,5,3,0,0,0,0,0,0
"['Overgrow', 'Unburden']",65,70,405,45,45,1059860,0.9,88.1,50,Grovyle,85,65,95,grass,21.6,3,0,0,0,0,0,0
"['Overgrow', 'Unburden']",110,70,630,45,75,1059860,1.7,88.1,70,Sceptile,145,85,145,grass,52.2,3,0,0,0,0,0,0
"['Blaze', 'Speed Boost']",60,70,310,45,40,1059860,0.4,88.1,45,Torchic,70,50,45,fire,2.5,3,0,0,0,0,0,0
"['Blaze', 'Speed Boost']",85,70,405,45,60,1059860,0.9,88.1,60,Combusken,85,60,55,fire,19.5,3,0,0,0,0,0,0
"['Blaze', 'Speed Boost']",160,70,630,45,80,1059860,1.9,88.1,80,Blaziken,130,80,100,fire,52,3,0,0,0,0,0,0
"['Torrent', 'Damp']",70,70,310,45,50,1059860,0.4,88.1,50,Mudkip,50,50,40,water,7.6,3,0,0,0,0,0,0
"['Torrent', 'Damp']",85,70,405,45,70,1059860,0.7,88.1,70,Marshtomp,60,70,50,water,28,3,0,0,0,0,0,0
"['Torrent', 'Damp']",150,70,635,45,110,1059860,1.5,88.1,100,Swampert,95,110,70,water,81.9,3,0,0,0,0,0,0
"['Run Away', 'Quick Feet', 'Rattled']",55,70,220,255,35,1000000,0.5,50,35,Poochyena,30,30,35,dark,13.6,3,0,0,0,0,0,0
"['Intimidate', 'Quick Feet', 'Moxie']",90,70,420,127,70,1000000,1,50,70,Mightyena,60,60,70,dark,37,3,0,0,0,0,0,0
"['Pickup', 'Gluttony', 'Quick Feet']",30,70,240,255,41,1000000,0.4,50,38,Zigzagoon,30,41,60,normal,17.5,3,0,0,0,0,0,0
"['Pickup', 'Gluttony', 'Quick Feet']",70,70,420,90,61,1000000,0.5,50,78,Linoone,50,61,100,normal,32.5,3,0,0,0,0,0,0
"['Shield Dust', 'Run Away']",45,70,195,255,35,1000000,0.3,50,45,Wurmple,20,30,20,bug,3.6,3,0,0,0,0,0,0
['Shed Skin'],35,70,205,120,55,1000000,0.6,50,50,Silcoon,25,25,15,bug,10,3,0,0,0,0,0,0
"['Swarm', 'Rivalry']",70,70,395,45,50,1000000,1,50,60,Beautifly,100,50,65,bug,28.4,3,0,0,0,0,0,0
['Shed Skin'],35,70,205,120,55,1000000,0.7,50,50,Cascoon,25,25,15,bug,11.5,3,0,0,0,0,0,0
"['Shield Dust', 'Compoundeyes']",50,70,385,45,70,1000000,1.2,50,60,Dustox,50,90,65,bug,31.6,3,0,0,0,0,0,0
"['Swift Swim', 'Rain Dish', 'Own Tempo']",30,70,220,255,30,1059860,0.5,50,40,Lotad,40,50,30,water,2.6,3,0,0,1,0,0,0
"['Swift Swim', 'Rain Dish', 'Own Tempo']",50,70,340,120,50,1059860,1.2,50,60,Lombre,60,70,50,water,32.5,3,0,0,1,0,0,0
"['Swift Swim', 'Rain Dish', 'Own Tempo']",70,70,480,45,70,1059860,1.5,50,80,Ludicolo,90,100,70,water,55,3,0,0,1,0,0,0
"['Chlorophyll', 'Early Bird', 'Pickpocket']",40,70,220,255,50,1059860,0.5,50,40,Seedot,30,30,30,grass,4,3,0,0,0,0,1,0
"['Chlorophyll', 'Early Bird', 'Pickpocket']",70,70,340,120,40,1059860,1,50,70,Nuzleaf,60,40,60,grass,28,3,0,0,0,0,1,0
"['Chlorophyll', 'Early Bird', 'Pickpocket']",100,70,480,45,60,1059860,1.3,50,90,Shiftry,90,60,80,grass,59.6,3,0,0,0,0,1,0
"['Guts', 'Scrappy']",55,70,270,200,30,1059860,0.3,50,40,Taillow,30,30,85,normal,2.3,3,0,0,0,0,0,0
"['Guts', 'Scrappy']",85,70,455,45,60,1059860,0.7,50,60,Swellow,75,50,125,normal,19.8,3,0,0,0,0,0,0
"['Keen Eye', 'Hydration', 'Rain Dish']",30,70,270,190,30,1000000,0.6,50,40,Wingull,55,30,85,water,9.5,3,0,0,0,1,0,0
"['Keen Eye', 'Drizzle', 'Rain Dish']",50,70,440,45,100,1000000,1.2,50,60,Pelipper,95,70,65,water,28,3,0,0,0,1,0,0
"['Synchronize', 'Trace', 'Telepathy']",25,35,198,235,25,1250000,0.4,50,28,Ralts,45,35,40,psychic,6.6,3,0,0,0,0,0,0
"['Synchronize', 'Trace', 'Telepathy']",35,35,278,120,35,1250000,0.8,50,38,Kirlia,65,55,50,psychic,20.2,3,0,0,0,0,0,0
"['Synchronize', 'Trace', 'Telepathy']",85,35,618,45,65,1250000,1.6,50,68,Gardevoir,165,135,100,psychic,48.4,3,0,0,0,0,0,0
"['Swift Swim', 'Rain Dish']",30,70,269,200,32,1000000,0.5,50,40,Surskit,50,52,65,bug,1.7,3,0,0,1,0,0,0
"['Intimidate', 'Unnerve']",60,70,454,75,62,1000000,0.8,50,70,Masquerain,100,82,80,bug,3.6,3,0,0,0,0,0,0
"['Effect Spore', 'Poison Heal', 'Quick Feet']",40,70,295,255,60,1640000,0.4,50,60,Shroomish,40,60,35,grass,4.5,3,0,0,0,0,0,0
"['Effect Spore', 'Poison Heal', 'Technician']",130,70,460,90,80,1640000,1.2,50,60,Breloom,60,60,70,grass,39.2,3,0,0,0,0,0,0
['Truant'],60,70,280,255,60,1250000,0.8,50,60,Slakoth,35,35,30,normal,24,3,0,0,0,0,0,0
['Vital Spirit'],80,70,440,120,80,1250000,1.4,50,80,Vigoroth,55,55,90,normal,46.5,3,0,0,0,0,0,0
['Truant'],160,70,670,45,100,1250000,2,50,150,Slaking,95,65,100,normal,130.5,3,0,0,0,0,0,0
"['Compoundeyes', 'Run Away']",45,70,266,255,90,600000,0.5,50,31,Nincada,30,30,40,bug,5.5,3,0,0,0,0,0,0
"['Speed Boost', 'Infiltrator']",90,70,456,120,45,600000,0.8,50,61,Ninjask,50,50,160,bug,12,3,0,0,0,0,0,0
['Wonder Guard'],90,70,236,45,45,600000,0.8,NA,1,Shedinja,30,30,40,bug,1.2,3,0,0,0,0,0,0
"['Soundproof', 'Rattled']",51,70,240,190,23,1059860,0.6,50,64,Whismur,51,23,28,normal,16.3,3,0,0,0,0,0,0
"['Soundproof', 'Scrappy']",71,70,360,120,43,1059860,1,50,84,Loudred,71,43,48,normal,40.5,3,0,0,0,0,0,0
"['Soundproof', 'Scrappy']",91,70,490,45,63,1059860,1.5,50,104,Exploud,91,73,68,normal,84,3,0,0,0,0,0,0
"['Thick Fat', 'Guts', 'Sheer Force']",60,70,237,180,30,1640000,1,75.4,72,Makuhita,20,30,25,fighting,86.4,3,0,0,0,0,0,0
"['Thick Fat', 'Guts', 'Sheer Force']",120,70,474,200,60,1640000,2.3,75.4,144,Hariyama,40,60,50,fighting,253.8,3,0,0,0,0,0,0
"['Thick Fat', 'Huge Power', 'Sap Sipper']",20,70,190,150,40,800000,0.2,24.6,50,Azurill,20,40,20,normal,2,3,0,0,0,0,0,0
"['Sturdy', 'Magnet Pull', 'Sand Force']",45,70,375,255,135,1000000,1,50,30,Nosepass,45,90,30,rock,97,3,0,1,0,0,0,0
"['Cute Charm', 'Normalize', 'Wonder Skin ']",45,70,260,255,45,800000,0.6,24.6,50,Skitty,35,35,50,normal,11,3,0,0,0,0,0,0
"['Cute Charm', 'Normalize', 'Wonder Skin ']",65,70,400,60,65,800000,1.1,24.6,70,Delcatty,55,55,90,normal,32.6,3,0,0,0,0,0,0
"['Keen Eye', 'Stall', 'Prankster']",85,35,480,45,125,1059860,0.5,50,50,Sableye,85,115,20,dark,11,3,0,0,0,1,0,0
"['Hyper Cutter', 'Intimidate', 'Sheer Force']",105,70,480,45,125,800000,0.6,50,50,Mawile,55,95,50,steel,11.5,3,0,0,0,0,0,0
"['Sturdy', 'Rock Head', 'Heavy Metal']",70,35,330,180,100,1250000,0.4,50,50,Aron,40,40,30,steel,60,3,0,1,0,0,0,0
"['Sturdy', 'Rock Head', 'Heavy Metal']",90,35,430,90,140,1250000,0.9,50,60,Lairon,50,50,40,steel,120,3,0,1,0,0,0,0
"['Sturdy', 'Rock Head', 'Heavy Metal']",140,35,630,45,230,1250000,2.1,50,70,Aggron,60,80,50,steel,360,3,0,1,0,0,0,0
"['Pure Power', 'Telepathy']",40,70,280,180,55,1000000,0.6,50,30,Meditite,40,55,60,fighting,11.2,3,0,0,0,0,0,0
"['Pure Power', 'Telepathy']",100,70,510,90,85,1000000,1.3,50,60,Medicham,80,85,100,fighting,31.5,3,0,0,0,0,0,0
"['Static', 'Lightningrod', 'Minus']",45,70,295,120,40,1250000,0.6,50,40,Electrike,65,40,65,electric,15.2,3,0,0,0,0,0,0
"['Static', 'Lightningrod', 'Minus']",75,70,575,45,80,1250000,1.5,50,70,Manectric,135,80,135,electric,40.2,3,0,0,0,0,0,0
"['Plus', 'Lightningrod']",50,70,405,200,40,1000000,0.4,50,60,Plusle,85,75,95,electric,4.2,3,0,0,0,0,0,0
"['Minus', 'Volt Absorb']",40,70,405,200,50,1000000,0.4,50,60,Minun,75,85,95,electric,4.2,3,0,0,0,0,0,0
"['Illuminate', 'Swarm', 'Prankster']",73,70,430,150,75,600000,0.7,100,65,Volbeat,47,85,85,bug,17.7,3,0,0,0,0,0,0
"['Oblivious', 'Tinted Lens', 'Prankster']",47,70,430,150,75,1640000,0.6,0,65,Illumise,73,85,85,bug,17.7,3,0,0,0,0,0,0
"['Natural Cure', 'Poison Point', 'Leaf Guard']",60,70,400,150,45,1059860,0.3,50,50,Roselia,100,80,65,grass,2,3,0,0,0,0,0,0
"['Liquid Ooze', 'Sticky Hold', 'Gluttony']",43,70,302,225,53,1640000,0.4,50,70,Gulpin,43,53,40,poison,10.3,3,0,0,0,0,0,0
"['Liquid Ooze', 'Sticky Hold', 'Gluttony']",73,70,467,75,83,1640000,1.7,50,100,Swalot,73,83,55,poison,80,3,0,0,0,0,0,0
"['Rough Skin', 'Speed Boost']",90,35,305,225,20,1250000,0.8,50,45,Carvanha,65,20,65,water,20.8,3,0,0,0,0,0,0
"['Rough Skin', 'Speed Boost']",140,35,560,60,70,1250000,1.8,50,70,Sharpedo,110,65,105,water,88.8,3,0,0,0,0,0,0
"['Water Veil', 'Oblivious', 'Pressure']",70,70,400,125,35,1640000,2,50,130,Wailmer,70,35,60,water,130,3,0,0,0,0,0,0
"['Water Veil', 'Oblivious', 'Pressure']",90,70,500,60,45,1640000,14.5,50,170,Wailord,90,45,60,water,398,3,0,0,0,0,0,0
"['Oblivious', 'Simple', 'Own Tempo']",60,70,305,255,40,1000000,0.7,50,60,Numel,65,45,35,fire,24,3,0,0,0,0,0,0
"['Magma Armor', 'Solid Rock', 'Anger Point']",120,70,560,150,100,1000000,1.9,50,70,Camerupt,145,105,20,fire,220,3,0,0,0,0,0,0
"['White Smoke', 'Drought', 'Shell Armor']",85,70,470,90,140,1000000,0.5,50,70,Torkoal,85,70,20,fire,80.4,3,0,0,0,0,0,0
"['Thick Fat', 'Own Tempo', 'Gluttony']",25,70,330,255,35,800000,0.7,50,60,Spoink,70,80,60,psychic,30.6,3,0,0,0,0,0,0
"['Thick Fat', 'Own Tempo', 'Gluttony']",45,70,470,60,65,800000,0.9,50,80,Grumpig,90,110,80,psychic,71.5,3,0,0,0,0,0,0
"['Own Tempo', 'Tangled Feet', 'Contrary']",60,70,360,255,60,800000,1.1,50,60,Spinda,60,60,60,normal,5,3,0,0,0,0,0,0
"['Hyper Cutter', 'Arena Trap', 'Sheer Force']",100,70,290,255,45,1059860,0.7,50,45,Trapinch,45,45,10,ground,15,3,0,0,0,0,0,0
['Levitate'],70,70,340,120,50,1059860,1.1,50,50,Vibrava,50,50,70,ground,15.3,3,0,0,0,0,0,1
['Levitate'],100,70,520,45,80,1059860,2,50,80,Flygon,80,80,100,ground,82,3,0,0,0,0,0,1
"['Sand Veil', 'Water Absorb']",85,35,335,190,40,1059860,0.4,50,50,Cacnea,85,40,35,grass,51.3,3,0,0,0,0,0,0
"['Sand Veil', 'Water Absorb']",115,35,475,60,60,1059860,1.3,50,70,Cacturne,115,60,55,grass,77.4,3,0,0,0,0,0,0
"['Natural Cure', 'Cloud Nine']",40,70,310,255,60,600000,0.4,50,45,Swablu,40,75,50,normal,1.2,3,0,0,0,0,0,0
"['Natural Cure', 'Cloud Nine']",110,70,590,45,110,600000,1.1,50,75,Altaria,110,105,80,dragon,20.6,3,0,0,0,0,0,0
"['Immunity', 'Toxic Boost']",115,70,458,90,60,600000,1.3,50,73,Zangoose,60,60,90,normal,40.3,3,0,0,0,0,0,0
"['Shed Skin', 'Infiltrator']",100,70,458,90,60,1640000,2.7,50,73,Seviper,100,60,65,poison,52.5,3,0,0,0,0,0,0
['Levitate'],55,70,460,45,65,800000,1,NA,90,Lunatone,95,85,70,rock,168,3,0,0,0,0,0,1
['Levitate'],95,70,460,45,85,800000,1.2,NA,90,Solrock,55,65,70,rock,154,3,0,0,0,0,0,1
"['Oblivious', 'Anticipation', 'Hydration']",48,70,288,190,43,1000000,0.4,50,50,Barboach,46,41,60,water,1.9,3,0,0,0,0,0,0
"['Oblivious', 'Anticipation', 'Hydration']",78,70,468,75,73,1000000,0.9,50,110,Whiscash,76,71,60,water,23.6,3,0,0,0,0,0,0
"['Hyper Cutter', 'Shell Armor', 'Adaptability']",80,70,308,205,65,1640000,0.6,50,43,Corphish,50,35,35,water,11.5,3,0,0,0,0,0,0
"['Hyper Cutter', 'Shell Armor', 'Adaptability']",120,70,468,155,85,1640000,1.1,50,63,Crawdaunt,90,55,55,water,32.8,3,0,0,0,0,0,0
['Levitate'],40,70,300,255,55,1000000,0.5,NA,40,Baltoy,40,70,55,ground,21.5,3,0,0,0,0,0,1
['Levitate'],70,70,500,90,105,1000000,1.5,NA,60,Claydol,70,120,75,ground,108,3,0,0,0,0,0,1
"['Suction Cups', 'Storm Drain']",41,70,355,45,77,600000,1,88.1,66,Lileep,61,87,23,rock,23.8,3,0,0,0,0,0,0
"['Suction Cups', 'Storm Drain']",81,70,495,45,97,600000,1.5,88.1,86,Cradily,81,107,43,rock,60.4,3,0,0,0,0,0,0
"['Battle Armor', 'Swift Swim']",95,70,355,45,50,600000,0.7,88.1,45,Anorith,40,50,75,rock,12.5,3,0,0,1,0,0,0
"['Battle Armor', 'Swift Swim']",125,70,495,45,100,600000,1.5,88.1,75,Armaldo,70,80,45,rock,68.2,3,0,0,1,0,0,0
"['Swift Swim', 'Oblivious', 'Adaptability']",15,70,200,255,20,600000,0.6,50,20,Feebas,10,55,80,water,7.4,3,0,0,1,0,0,0
"['Marvel Scale', 'Competitive', 'Cute Charm']",60,70,540,60,79,600000,6.2,50,95,Milotic,100,125,81,water,162,3,0,0,0,0,0,0
['Forecast'],70,70,420,45,70,1000000,0.3,50,70,Castform,70,70,70,normal,0.8,3,0,0,0,0,0,0
"['Color Change', 'Protean']",90,70,440,200,70,1059860,1,50,60,Kecleon,60,120,40,normal,22,3,0,0,0,0,0,0
"['Insomnia', 'Frisk', 'Cursed Body']",75,35,295,225,35,800000,0.6,50,44,Shuppet,63,33,45,ghost,2.3,3,0,0,0,0,0,0
"['Insomnia', 'Frisk', 'Cursed Body']",165,35,555,45,75,800000,1.1,50,64,Banette,93,83,75,ghost,12.5,3,0,0,0,0,0,0
"['Levitate', 'Frisk']",40,35,295,190,90,800000,0.8,50,20,Duskull,30,90,25,ghost,15,3,0,0,0,0,0,1
"['Pressure', 'Frisk']",70,35,455,90,130,800000,1.6,50,40,Dusclops,60,130,25,ghost,30.6,3,0,0,0,0,0,0
"['Chlorophyll', 'Solar Power', 'Harvest']",68,70,460,200,83,1250000,2,50,99,Tropius,72,87,51,grass,100,3,0,0,0,0,1,0
['Levitate'],50,70,455,45,80,800000,0.6,50,75,Chimecho,95,90,65,psychic,1,3,0,0,0,0,0,1
"['Pressure', 'Super Luck', 'Justified']",150,35,565,30,60,1059860,1.2,50,65,Absol,115,60,115,dark,47,3,0,0,0,0,0,0
"['Shadow Tag', 'Telepathy']",23,70,260,125,48,1000000,0.6,50,95,Wynaut,23,48,23,psychic,14,3,0,0,0,0,0,0
"['Inner Focus', 'Ice Body', 'Moody']",50,70,300,190,50,1000000,0.7,50,50,Snorunt,50,50,50,ice,16.8,3,0,0,0,0,0,0
"['Inner Focus', 'Ice Body', 'Moody']",120,70,580,75,80,1000000,1.5,50,80,Glalie,120,80,100,ice,256.5,3,0,0,0,0,0,0
"['Thick Fat', 'Ice Body', 'Oblivious']",40,70,290,255,50,1059860,0.8,50,70,Spheal,55,50,25,ice,39.5,3,0,0,0,0,0,0
"['Thick Fat', 'Ice Body', 'Oblivious']",60,70,410,120,70,1059860,1.1,50,90,Sealeo,75,70,45,ice,87.6,3,0,0,0,0,0,0
"['Thick Fat', 'Ice Body', 'Oblivious']",80,70,530,45,90,1059860,1.4,50,110,Walrein,95,90,65,ice,150.6,3,0,0,0,0,0,0
"['Shell Armor', 'Rattled']",64,70,345,255,85,600000,0.4,50,35,Clamperl,74,55,32,water,52.5,3,0,0,0,0,0,0
"['Swift Swim', 'Water Veil']",104,70,485,60,105,600000,1.7,50,55,Huntail,94,75,52,water,27,3,0,0,1,0,0,0
"['Swift Swim', 'Hydration']",84,70,485,60,105,600000,1.8,50,55,Gorebyss,114,75,52,water,22.6,3,0,0,1,0,0,0
"['Swift Swim', 'Rock Head', 'Sturdy']",90,70,485,25,130,1250000,1,88.1,100,Relicanth,45,65,55,water,23.4,3,0,1,1,0,0,0
"['Swift Swim', 'Hydration']",30,70,330,225,55,800000,0.6,24.6,43,Luvdisc,40,65,97,water,8.7,3,0,0,1,0,0,0
"['Rock Head', 'Sheer Force']",75,35,300,45,60,1250000,0.6,50,45,Bagon,40,30,50,dragon,42.1,3,0,0,0,0,0,0
"['Rock Head', 'Overcoat']",95,35,420,45,100,1250000,1.1,50,65,Shelgon,60,50,50,dragon,110.5,3,0,0,0,0,0,0
"['Intimidate', 'Moxie']",145,35,700,45,130,1250000,1.5,50,95,Salamence,120,90,120,dragon,102.6,3,0,0,0,0,0,0
"['Clear Body', 'Light Metal']",55,35,300,3,80,1250000,0.6,NA,40,Beldum,35,60,30,steel,95.2,3,0,0,0,0,0,0
"['Clear Body', 'Light Metal']",75,35,420,3,100,1250000,1.2,NA,60,Metang,55,80,50,steel,202.5,3,0,0,0,0,0,0
"['Clear Body', 'Light Metal']",145,35,700,3,150,1250000,1.6,NA,80,Metagross,105,110,110,steel,550,3,0,0,0,0,0,0
"['Clear Body', 'Sturdy']",100,35,580,3,200,1250000,1.7,NA,80,Regirock,50,100,50,rock,230,3,1,1,0,0,0,0
"['Clear Body', 'Ice Body']",50,35,580,3,100,1250000,1.8,NA,80,Regice,100,200,50,ice,175,3,1,0,0,0,0,0
"['Clear Body', 'Light Metal']",75,35,580,3,150,1250000,1.9,NA,80,Registeel,75,150,50,steel,205,3,1,0,0,0,0,0
['Levitate'],100,90,700,3,120,1250000,1.4,0,80,Latias,140,150,110,dragon,40,3,1,0,0,0,0,1
['Levitate'],130,90,700,3,100,1250000,2,100,80,Latios,160,120,110,dragon,60,3,1,0,0,0,0,1
['Drizzle'],150,0,770,3,90,1250000,4.5,NA,100,Kyogre,180,160,90,water,352,3,1,0,0,0,0,0
['Drought'],180,0,770,3,160,1250000,3.5,NA,100,Groudon,150,90,90,ground,950,3,1,0,0,0,0,0
['Air Lock'],180,0,780,45,100,1250000,7,NA,105,Rayquaza,180,100,115,dragon,206.5,3,1,0,0,0,0,0
['Serene Grace'],100,100,600,3,100,1250000,0.3,NA,100,Jirachi,100,100,100,steel,1.1,3,1,0,0,0,0,0
['Pressure'],95,0,600,3,90,1250000,1.7,NA,50,Deoxys,95,90,180,psychic,60.8,3,1,0,0,0,0,0
"['Overgrow', 'Shell Armor']",68,70,318,45,64,1059860,0.4,88.1,55,Turtwig,45,55,31,grass,10.2,4,0,0,0,0,0,0
"['Overgrow', 'Shell Armor']",89,70,405,45,85,1059860,1.1,88.1,75,Grotle,55,65,36,grass,97,4,0,0,0,0,0,0
"['Overgrow', 'Shell Armor']",109,70,525,45,105,1059860,2.2,88.1,95,Torterra,75,85,56,grass,310,4,0,0,0,0,0,0
"['Blaze', 'Iron Fist']",58,70,309,45,44,1059860,0.5,88.1,44,Chimchar,58,44,61,fire,6.2,4,0,0,0,0,0,0
"['Blaze', 'Iron Fist']",78,70,405,45,52,1059860,0.9,88.1,64,Monferno,78,52,81,fire,22,4,0,0,0,0,0,0
"['Blaze', 'Iron Fist']",104,70,534,45,71,1059860,1.2,88.1,76,Infernape,104,71,108,fire,55,4,0,0,0,0,0,0
"['Torrent', 'Defiant']",51,70,314,45,53,1059860,0.4,88.1,53,Piplup,61,56,40,water,5.2,4,0,0,0,0,0,0
"['Torrent', 'Defiant']",66,70,405,45,68,1059860,0.8,88.1,64,Prinplup,81,76,50,water,23,4,0,0,0,0,0,0
"['Torrent', 'Defiant']",86,70,530,45,88,1059860,1.7,88.1,84,Empoleon,111,101,60,water,84.5,4,0,0,0,0,0,0
"['Keen Eye', 'Reckless']",55,70,245,255,30,1059860,0.3,50,40,Starly,30,30,60,normal,2,4,0,0,0,1,0,0
"['Intimidate', 'Reckless']",75,70,340,120,50,1059860,0.6,50,55,Staravia,40,40,80,normal,15.5,4,0,0,0,0,0,0
"['Intimidate', 'Reckless']",120,70,485,45,70,1059860,1.2,50,85,Staraptor,50,60,100,normal,24.9,4,0,0,0,0,0,0
"['Simple', 'Unaware', 'Moody']",45,70,250,255,40,1000000,0.5,50,59,Bidoof,35,40,31,normal,20,4,0,0,0,0,0,0
"['Simple', 'Unaware', 'Moody']",85,70,410,127,60,1000000,1,50,79,Bibarel,55,60,71,normal,31.5,4,0,0,0,0,0,0
"['Shed Skin', 'Run Away']",25,70,194,255,41,1059860,0.3,50,37,Kricketot,25,41,25,bug,2.2,4,0,0,0,0,0,0
"['Swarm', 'Technician']",85,70,384,45,51,1059860,1,50,77,Kricketune,55,51,65,bug,25.5,4,0,0,0,0,0,0
"['Rivalry', 'Intimidate', 'Guts']",65,70,263,235,34,1059860,0.5,50,45,Shinx,40,34,45,electric,9.5,4,0,0,0,0,0,0
"['Rivalry', 'Intimidate', 'Guts']",85,100,363,120,49,1059860,0.9,50,60,Luxio,60,49,60,electric,30.5,4,0,0,0,0,0,0
"['Rivalry', 'Intimidate', 'Guts']",120,70,523,45,79,1059860,1.4,50,80,Luxray,95,79,70,electric,42,4,0,0,0,0,0,0
"['Natural Cure', 'Poison Point', 'Leaf Guard']",30,70,280,255,35,1059860,0.2,50,40,Budew,50,70,55,grass,1.2,4,0,0,0,0,0,0
"['Natural Cure', 'Poison Point', 'Technician']",70,70,515,75,65,1059860,0.9,50,60,Roserade,125,105,90,grass,14.5,4,0,0,0,0,0,0
"['Mold Breaker', 'Sheer Force']",125,70,350,45,40,600000,0.9,88.1,67,Cranidos,30,30,58,rock,31.5,4,0,0,0,0,0,0
"['Mold Breaker', 'Sheer Force']",165,70,495,45,60,600000,1.6,88.1,97,Rampardos,65,50,58,rock,102.5,4,0,0,0,0,0,0
"['Sturdy', 'Soundproof']",42,70,350,45,118,600000,0.5,88.1,30,Shieldon,42,88,30,rock,57,4,0,1,0,0,0,0
"['Sturdy', 'Soundproof']",52,70,495,45,168,600000,1.3,88.1,60,Bastiodon,47,138,30,rock,149.5,4,0,1,0,0,0,0
"['Shed Skin', 'Overcoat']",29,70,224,120,45,1000000,0.2,50,40,Burmy,29,45,36,bug,3.4,4,0,0,0,0,0,0
"['Anticipation', 'Overcoat']",69,70,424,45,95,1000000,0.5,0,60,Wormadam,69,95,36,bug,6.5,4,0,0,0,0,0,0
"['Swarm', 'Tinted Lens']",94,70,424,45,50,1000000,0.9,100,70,Mothim,94,50,66,bug,23.3,4,0,0,0,0,0,0
"['Honey Gather', 'Hustle']",30,70,244,120,42,1059860,0.3,88.1,30,Combee,30,42,70,bug,5.5,4,0,0,0,0,0,0
"['Pressure', 'Unnerve']",80,70,474,45,102,1059860,1.2,0,70,Vespiquen,80,102,40,bug,38.5,4,0,0,0,0,0,0
"['Run Away', 'Pickup', 'Volt Absorb']",45,100,405,200,70,1000000,0.4,50,60,Pachirisu,45,90,95,electric,3.9,4,0,0,0,0,0,0
"['Swift Swim', 'Water Veil']",65,70,330,190,35,1000000,0.7,50,55,Buizel,60,30,85,water,29.5,4,0,0,1,0,0,0
"['Swift Swim', 'Water Veil']",105,70,495,75,55,1000000,1.1,50,85,Floatzel,85,50,115,water,33.5,4,0,0,1,0,0,0
['Chlorophyll'],35,70,275,190,45,1000000,0.4,50,45,Cherubi,62,53,35,grass,3.3,4,0,0,0,0,1,0
['Flower Gift'],60,70,450,75,70,1000000,0.5,50,70,Cherrim,87,78,85,grass,9.3,4,0,0,0,0,0,0
"['Sticky Hold', 'Storm Drain', 'Sand Force']",48,70,325,190,48,1000000,0.3,50,76,Shellos,57,62,34,water,6.3,4,0,0,0,0,0,0
"['Sticky Hold', 'Storm Drain', 'Sand Force']",83,70,475,75,68,1000000,0.9,50,111,Gastrodon,92,82,39,water,29.9,4,0,0,0,0,0,0
"['Technician', 'Pickup', 'Skill Link']",100,100,482,45,66,800000,1.2,50,75,Ambipom,60,66,115,normal,20.3,4,0,0,0,0,0,0
"['Aftermath', 'Unburden', 'Flare Boost']",50,70,348,125,34,1640000,0.4,50,90,Drifloon,60,44,70,ghost,1.2,4,0,0,0,0,0,0
"['Aftermath', 'Unburden', 'Flare Boost']",80,70,498,60,44,1640000,1.2,50,150,Drifblim,90,54,80,ghost,15,4,0,0,0,0,0,0
"['Run Away', 'Klutz', 'Limber']",66,0,350,190,44,1000000,0.4,50,55,Buneary,44,56,85,normal,5.5,4,0,0,0,0,0,0
"['Cute Charm', 'Klutz', 'Limber']",136,140,580,60,94,1000000,1.2,50,65,Lopunny,54,96,135,normal,33.3,4,0,0,0,0,0,0
['Levitate'],60,35,495,45,60,800000,0.9,50,60,Mismagius,105,105,105,ghost,4.4,4,0,0,0,0,0,1
"['Insomnia', 'Super Luck', 'Moxie']",125,35,505,30,52,1059860,0.9,50,100,Honchkrow,105,52,71,dark,27.3,4,0,0,0,0,0,0
"['Limber', 'Own Tempo', 'Keen Eye']",55,70,310,190,42,800000,0.5,24.6,49,Glameow,42,37,85,normal,3.9,4,0,0,0,1,0,0
"['Thick Fat', 'Own Tempo', 'Defiant']",82,70,452,75,64,800000,1,24.6,71,Purugly,64,59,112,normal,43.8,4,0,0,0,0,0,0
['Levitate'],30,70,285,120,50,800000,0.2,50,45,Chingling,65,50,45,psychic,0.6,4,0,0,0,0,0,1
"['Stench', 'Aftermath', 'Keen Eye']",63,70,329,225,47,1000000,0.4,50,63,Stunky,41,41,74,poison,19.2,4,0,0,0,1,0,0
"['Stench', 'Aftermath', 'Keen Eye']",93,70,479,60,67,1000000,1,50,103,Skuntank,71,61,84,poison,38,4,0,0,0,1,0,0
"['Levitate', 'Heatproof', 'Heavy Metal']",24,70,300,255,86,1000000,0.5,NA,57,Bronzor,24,86,23,steel,60.5,4,0,0,0,0,0,1
"['Levitate', 'Heatproof', 'Heavy Metal']",89,70,500,90,116,1000000,1.3,NA,67,Bronzong,79,116,33,steel,187,4,0,0,0,0,0,1
"['Sturdy', 'Rock Head', 'Rattled']",80,70,290,255,95,1000000,0.5,50,50,Bonsly,10,45,10,rock,15,4,0,1,0,0,0,0
"['Soundproof', 'Filter', 'Technician']",25,70,310,145,45,1000000,0.6,50,20,Mime Jr.,70,90,60,psychic,13,4,0,0,0,0,0,0
"['Natural Cure', 'Serene Grace', 'Friend Guard']",5,140,220,130,5,800000,0.6,0,100,Happiny,15,65,30,normal,24.4,4,0,0,0,0,0,0
"['Keen Eye', 'Tangled Feet', 'Big Pecks']",65,35,411,30,45,1059860,0.5,50,76,Chatot,92,42,91,normal,1.9,4,0,0,0,1,0,0
"['Pressure', 'Infiltrator']",92,70,485,100,108,1000000,1,50,50,Spiritomb,92,108,35,ghost,108,4,0,0,0,0,0,0
"['Sand Veil', 'Rough Skin']",70,70,300,45,45,1250000,0.7,50,58,Gible,40,45,42,dragon,20.5,4,0,0,0,0,0,0
"['Sand Veil', 'Rough Skin']",90,70,410,45,65,1250000,1.4,50,68,Gabite,50,55,82,dragon,56,4,0,0,0,0,0,0
"['Sand Veil', 'Rough Skin']",170,70,700,45,115,1250000,1.9,50,108,Garchomp,120,95,92,dragon,95,4,0,0,0,0,0,0
"['Pickup', 'Thick Fat', 'Gluttony']",85,70,390,50,40,1250000,0.6,88.1,135,Munchlax,40,85,5,normal,105,4,0,0,0,0,0,0
"['Steadfast', 'Inner Focus', 'Prankster']",70,70,285,75,40,1059860,0.7,88.1,40,Riolu,35,40,60,fighting,20.2,4,0,0,0,0,0,0
"['Steadfast', 'Inner Focus', 'Justified']",145,70,625,45,88,1059860,1.2,88.1,70,Lucario,140,70,112,fighting,54,4,0,0,0,0,0,0
"['Sand Stream', 'Sand Force']",72,70,330,140,78,1250000,0.8,50,68,Hippopotas,38,42,32,ground,49.5,4,0,0,0,0,0,0
"['Sand Stream', 'Sand Force']",112,70,525,60,118,1250000,2,50,108,Hippowdon,68,72,47,ground,300,4,0,0,0,0,0,0
"['Battle Armor', 'Sniper', 'Keen Eye']",50,70,330,120,90,1250000,0.8,50,40,Skorupi,30,55,65,poison,12,4,0,0,0,1,0,0
"['Battle Armor', 'Sniper', 'Keen Eye']",90,70,500,45,110,1250000,1.3,50,70,Drapion,60,75,95,poison,61.5,4,0,0,0,1,0,0
"['Anticipation', 'Dry Skin', 'Poison Touch']",61,100,300,140,40,1000000,0.7,50,48,Croagunk,61,40,50,poison,23,4,0,0,0,0,0,0
"['Anticipation', 'Dry Skin', 'Poison Touch']",106,70,490,75,65,1000000,1.3,50,83,Toxicroak,86,65,85,poison,44.4,4,0,0,0,0,0,0
['Levitate'],100,70,454,200,72,1250000,1.4,50,74,Carnivine,90,72,46,grass,27,4,0,0,0,0,0,1
"['Swift Swim', 'Storm Drain', 'Water Veil']",49,70,330,190,56,600000,0.4,50,49,Finneon,49,61,66,water,7,4,0,0,1,0,0,0
"['Swift Swim', 'Storm Drain', 'Water Veil']",69,70,460,75,76,600000,1.2,50,69,Lumineon,69,86,91,water,24,4,0,0,1,0,0,0
"['Swift Swim', 'Water Absorb', 'Water Veil']",20,70,345,25,50,1250000,1,50,45,Mantyke,60,120,50,water,65,4,0,0,1,0,0,0
"['Snow Warning', 'Soundproof']",62,70,334,120,50,1250000,1,50,60,Snover,62,60,40,grass,50.5,4,0,0,0,0,0,0
"['Snow Warning', 'Soundproof']",132,70,594,60,105,1250000,2.2,50,90,Abomasnow,132,105,30,grass,135.5,4,0,0,0,0,0,0
"['Pressure', 'Pickpocket']",120,35,510,45,65,1059860,1.1,50,70,Weavile,45,85,125,dark,34,4,0,0,0,0,0,0
"['Magnet Pull', 'Sturdy', 'Analytic']",70,70,535,30,115,1000000,1.2,NA,70,Magnezone,130,90,60,electric,180,4,0,1,0,0,0,0
"['Own Tempo', 'Oblivious', 'Cloud Nine']",85,70,515,30,95,1000000,1.7,50,110,Lickilicky,80,95,50,normal,140,4,0,0,0,0,0,0
"['Lightningrod', 'Solid Rock', 'Reckless']",140,70,535,30,130,1250000,2.4,50,115,Rhyperior,55,55,40,ground,282.8,4,0,0,0,0,0,0
"['Chlorophyll', 'Leaf Guard', 'Regenerator']",100,70,535,30,125,1000000,2,50,100,Tangrowth,110,50,50,grass,128.6,4,0,0,0,0,1,0
"['Motor Drive', 'Vital Spirit']",123,70,540,30,67,1000000,1.8,75.4,75,Electivire,95,85,95,electric,138.6,4,0,0,0,0,0,0
"['Flame Body', 'Vital Spirit']",95,70,540,30,67,1000000,1.6,75.4,75,Magmortar,125,95,83,fire,68,4,0,0,0,0,0,0
"['Hustle', 'Serene Grace', 'Super Luck']",50,70,545,30,95,800000,1.5,88.1,85,Togekiss,120,115,80,fairy,38,4,0,0,0,0,0,0
"['Speed Boost', 'Tinted Lens', 'Frisk']",76,70,515,30,86,1000000,1.9,50,86,Yanmega,116,56,95,bug,51.5,4,0,0,0,0,0,0
"['Leaf Guard', 'Chlorophyll']",110,35,525,45,130,1000000,1,88.1,65,Leafeon,60,65,95,grass,25.5,4,0,0,0,0,1,0
"['Snow Cloak', 'Ice Body']",60,35,525,45,110,1000000,0.8,88.1,65,Glaceon,130,95,65,ice,25.9,4,0,0,0,0,0,0
"['Hyper Cutter', 'Sand Veil', 'Poison Heal']",95,70,510,30,125,1059860,2,50,75,Gliscor,45,75,95,ground,42.5,4,0,0,0,0,0,0
"['Oblivious', 'Snow Cloak', 'Thick Fat']",130,70,530,50,80,1250000,2.5,50,110,Mamoswine,70,60,80,ice,291,4,0,0,0,0,0,0
"['Adaptability', 'Download', 'Analytic']",80,70,535,30,70,1000000,0.9,NA,85,Porygon-Z,135,75,90,normal,34,4,0,0,0,0,0,0
"['Steadfast', 'Justified']",165,35,618,45,95,1250000,1.6,100,68,Gallade,65,115,110,psychic,52,4,0,0,0,0,0,0
"['Sturdy', 'Magnet Pull', 'Sand Force']",55,70,525,60,145,1000000,1.4,50,60,Probopass,75,150,40,rock,340,4,0,1,0,0,0,0
"['Pressure', 'Frisk']",100,35,525,45,135,800000,2.2,50,45,Dusknoir,65,135,45,ghost,106.6,4,0,0,0,0,0,0
"['Snow Cloak', 'Cursed Body']",80,70,480,75,70,1000000,1.3,0,70,Froslass,80,70,110,ice,26.6,4,0,0,0,0,0,0
['Levitate'],65,70,520,45,107,1000000,0.3,NA,50,Rotom,105,107,86,electric,0.3,4,0,0,0,0,0,1
['Levitate'],75,140,580,3,130,1250000,0.3,NA,75,Uxie,75,130,95,psychic,0.3,4,1,0,0,0,0,1
['Levitate'],105,140,580,3,105,1250000,0.3,NA,80,Mesprit,105,105,80,psychic,0.3,4,1,0,0,0,0,1
['Levitate'],125,140,580,3,70,1250000,0.3,NA,75,Azelf,125,70,115,psychic,0.3,4,1,0,0,0,0,1
"['Pressure', 'Telepathy']",120,0,680,3,120,1250000,5.4,NA,100,Dialga,150,100,90,steel,683,4,1,0,0,0,0,0
"['Pressure', 'Telepathy']",120,0,680,3,100,1250000,4.2,NA,90,Palkia,150,120,100,water,336,4,1,0,0,0,0,0
"['Flash Fire', 'Flame Body']",90,100,600,3,106,1250000,1.7,50,91,Heatran,130,106,77,fire,430,4,1,0,0,0,0,0
['Slow Start'],160,0,670,3,110,1250000,3.7,NA,110,Regigigas,80,110,100,normal,420,4,1,0,0,0,0,0
"['Pressure', 'Telepathy', 'Levitate']",120,0,680,3,100,1250000,4.5,NA,150,Giratina,120,100,90,ghost,750,4,1,0,0,0,0,1
['Levitate'],70,100,600,3,120,1250000,1.5,0,120,Cresselia,75,130,85,psychic,85.6,4,1,0,0,0,0,1
['Hydration'],80,70,480,30,80,1250000,0.4,NA,80,Phione,80,80,80,water,3.1,4,0,0,0,0,0,0
['Hydration'],100,70,600,3,100,1250000,0.3,NA,100,Manaphy,100,100,100,water,1.4,4,1,0,0,0,0,0
['Bad Dreams'],90,0,600,3,90,1250000,1.5,NA,70,Darkrai,135,90,125,dark,50.5,4,1,0,0,0,0,0
"['Natural Cure', 'Serene Grace']",103,100,600,45,75,1059860,0.2,NA,100,Shaymin,120,75,127,grass,2.1,4,1,0,0,0,0,0
['Multitype'],120,0,720,3,120,1250000,3.2,NA,120,Arceus,120,120,120,normal,320,4,1,0,0,0,0,0
['Victory Star'],100,100,600,3,100,1250000,0.4,NA,100,Victini,100,100,100,psychic,4,5,1,0,0,0,0,0
"['Overgrow', 'Contrary']",45,70,308,45,55,1059860,0.6,88.1,45,Snivy,45,55,63,grass,8.1,5,0,0,0,0,0,0
"['Overgrow', 'Contrary']",60,70,413,45,75,1059860,0.8,88.1,60,Servine,60,75,83,grass,16,5,0,0,0,0,0,0
"['Overgrow', 'Contrary']",75,70,528,45,95,1059860,3.3,88.1,75,Serperior,75,95,113,grass,63,5,0,0,0,0,0,0
"['Blaze', 'Thick Fat']",63,70,308,45,45,1059860,0.5,88.1,65,Tepig,45,45,45,fire,9.9,5,0,0,0,0,0,0
"['Blaze', 'Thick Fat']",93,70,418,45,55,1059860,1,88.1,90,Pignite,70,55,55,fire,55.5,5,0,0,0,0,0,0
"['Blaze', 'Reckless']",123,70,528,45,65,1059860,1.6,88.1,110,Emboar,100,65,65,fire,150,5,0,0,0,0,0,0
"['Torrent', 'Shell Armor']",55,70,308,45,45,1059860,0.5,88.1,55,Oshawott,63,45,45,water,5.9,5,0,0,0,0,0,0
"['Torrent', 'Shell Armor']",75,70,413,45,60,1059860,0.8,88.1,75,Dewott,83,60,60,water,24.5,5,0,0,0,0,0,0
"['Torrent', 'Shell Armor']",100,70,528,45,85,1059860,1.5,88.1,95,Samurott,108,70,70,water,94.6,5,0,0,0,0,0,0
"['Run Away', 'Keen Eye', 'Analytic']",55,70,255,255,39,1000000,0.5,50,45,Patrat,35,39,42,normal,11.6,5,0,0,0,1,0,0
"['Illuminate', 'Keen Eye', 'Analytic']",85,70,420,255,69,1000000,1.1,50,60,Watchog,60,69,77,normal,27,5,0,0,0,1,0,0
"['Vital Spirit', 'Pickup', 'Run Away']",60,70,275,255,45,1059860,0.4,50,45,Lillipup,25,45,55,normal,4.1,5,0,0,0,0,0,0
"['Intimidate', 'Sand Rush', 'Scrappy']",80,70,370,120,65,1059860,0.9,50,65,Herdier,35,65,60,normal,14.7,5,0,0,0,0,0,0
"['Intimidate', 'Sand Rush', 'Scrappy']",110,70,500,45,90,1059860,1.2,50,85,Stoutland,45,90,80,normal,61,5,0,0,0,0,0,0
"['Limber', 'Unburden', 'Prankster']",50,70,281,255,37,1000000,0.4,50,41,Purrloin,50,37,66,dark,10.1,5,0,0,0,0,0,0
"['Limber', 'Unburden', 'Prankster']",88,70,446,90,50,1000000,1.1,50,64,Liepard,88,50,106,dark,37.5,5,0,0,0,0,0,0
"['Gluttony', 'Overgrow']",53,70,316,190,48,1000000,0.6,88.1,50,Pansage,53,48,64,grass,10.5,5,0,0,0,0,0,0
"['Gluttony', 'Overgrow']",98,70,498,75,63,1000000,1.1,88.1,75,Simisage,98,63,101,grass,30.5,5,0,0,0,0,0,0
"['Gluttony', 'Blaze']",53,70,316,190,48,1000000,0.6,88.1,50,Pansear,53,48,64,fire,11,5,0,0,0,0,0,0
"['Gluttony', 'Blaze']",98,70,498,75,63,1000000,1,88.1,75,Simisear,98,63,101,fire,28,5,0,0,0,0,0,0
"['Gluttony', 'Torrent']",53,70,316,190,48,1000000,0.6,88.1,50,Panpour,53,48,64,water,13.5,5,0,0,0,0,0,0
"['Gluttony', 'Torrent']",98,70,498,75,63,1000000,1,88.1,75,Simipour,98,63,101,water,29,5,0,0,0,0,0,0
"['Forewarn', 'Synchronize', 'Telepathy']",25,70,292,190,45,800000,0.6,50,76,Munna,67,55,24,psychic,23.3,5,0,0,0,0,0,0
"['Forewarn', 'Synchronize', 'Telepathy']",55,70,487,75,85,800000,1.1,50,116,Musharna,107,95,29,psychic,60.5,5,0,0,0,0,0,0
"['Big Pecks', 'Super Luck', 'Rivalry']",55,70,264,255,50,1059860,0.3,50,50,Pidove,36,30,43,normal,2.1,5,0,0,0,0,0,0
"['Big Pecks', 'Super Luck', 'Rivalry']",77,70,358,120,62,1059860,0.6,50,62,Tranquill,50,42,65,normal,15,5,0,0,0,0,0,0
"['Big Pecks', 'Super Luck', 'Rivalry']",115,70,488,45,80,1059860,1.2,50,80,Unfezant,65,55,93,normal,29,5,0,0,0,0,0,0
"['Lightningrod', 'Motor Drive', 'Sap Sipper']",60,70,295,190,32,1000000,0.8,50,45,Blitzle,50,32,76,electric,29.8,5,0,0,0,0,0,0
"['Lightningrod', 'Motor Drive', 'Sap Sipper']",100,70,497,75,63,1000000,1.6,50,75,Zebstrika,80,63,116,electric,79.5,5,0,0,0,0,0,0
"['Sturdy', 'Weak Armor', 'Sand Force']",75,70,280,255,85,1059860,0.4,50,55,Roggenrola,25,25,15,rock,18,5,0,1,0,0,0,0
"['Sturdy', 'Weak Armor', 'Sand Force']",105,70,390,120,105,1059860,0.9,50,70,Boldore,50,40,20,rock,102,5,0,1,0,0,0,0
"['Sturdy', 'Sand Stream', 'Sand Force']",135,70,515,45,130,1059860,1.7,50,85,Gigalith,60,80,25,rock,260,5,0,1,0,0,0,0
"['Unaware', 'Klutz', 'Simple']",45,70,323,190,43,1000000,0.4,50,65,Woobat,55,43,72,psychic,2.1,5,0,0,0,0,0,0
"['Unaware', 'Klutz', 'Simple']",57,70,425,45,55,1000000,0.9,50,67,Swoobat,77,55,114,psychic,10.5,5,0,0,0,0,0,0
"['Sand Rush', 'Sand Force', 'Mold Breaker']",85,70,328,120,40,1000000,0.3,50,60,Drilbur,30,45,68,ground,8.5,5,0,0,0,0,0,0
"['Sand Rush', 'Sand Force', 'Mold Breaker']",135,70,508,60,60,1000000,0.7,50,110,Excadrill,50,65,88,ground,40.4,5,0,0,0,0,0,0
"['Healer', 'Regenerator', 'Klutz']",60,70,545,255,126,800000,1.1,50,103,Audino,80,126,50,normal,31,5,0,0,0,0,0,0
"['Guts', 'Sheer Force', 'Iron Fist']",80,70,305,180,55,1059860,0.6,75.4,75,Timburr,25,35,35,fighting,12.5,5,0,0,0,0,0,0
"['Guts', 'Sheer Force', 'Iron Fist']",105,70,405,90,85,1059860,1.2,75.4,85,Gurdurr,40,50,40,fighting,40,5,0,0,0,0,0,0
"['Guts', 'Sheer Force', 'Iron Fist']",140,70,505,45,95,1059860,1.4,75.4,105,Conkeldurr,55,65,45,fighting,87,5,0,0,0,0,0,0
"['Swift Swim', 'Hydration', 'Water Absorb']",50,70,294,255,40,1059860,0.5,50,50,Tympole,50,40,64,water,4.5,5,0,0,1,0,0,0
"['Swift Swim', 'Hydration', 'Water Absorb']",65,70,384,120,55,1059860,0.8,50,75,Palpitoad,65,55,69,water,17,5,0,0,1,0,0,0
"['Swift Swim', 'Poison Touch', 'Water Absorb']",95,70,509,45,75,1059860,1.5,50,105,Seismitoad,85,75,74,water,62,5,0,0,1,0,0,0
"['Guts', 'Inner Focus', 'Mold Breaker']",100,70,465,45,85,1000000,1.3,100,120,Throh,30,85,45,fighting,55.5,5,0,0,0,0,0,0
"['Sturdy', 'Inner Focus', 'Mold Breaker']",125,70,465,45,75,1000000,1.4,100,75,Sawk,30,75,85,fighting,51,5,0,1,0,0,0,0
"['Swarm', 'Chlorophyll', 'Overcoat']",53,70,310,255,70,1059860,0.3,50,45,Sewaddle,40,60,42,bug,2.5,5,0,0,0,0,1,0
"['Leaf Guard', 'Chlorophyll', 'Overcoat']",63,70,380,120,90,1059860,0.5,50,55,Swadloon,50,80,42,bug,7.3,5,0,0,0,0,1,0
"['Swarm', 'Chlorophyll', 'Overcoat']",103,70,500,45,80,1059860,1.2,50,75,Leavanny,70,80,92,bug,20.5,5,0,0,0,0,1,0
"['Poison Point', 'Swarm', 'Speed Boost']",45,70,260,255,59,1059860,0.4,50,30,Venipede,30,39,57,bug,5.3,5,0,0,0,0,0,0
"['Poison Point', 'Swarm', 'Speed Boost']",55,70,360,120,99,1059860,1.2,50,40,Whirlipede,40,79,47,bug,58.5,5,0,0,0,0,0,0
"['Poison Point', 'Swarm', 'Speed Boost']",100,70,485,45,89,1059860,2.5,50,60,Scolipede,55,69,112,bug,200.5,5,0,0,0,0,0,0
"['Prankster', 'Infiltrator', 'Chlorophyll']",27,70,280,190,60,1000000,0.3,50,40,Cottonee,37,50,66,grass,0.6,5,0,0,0,0,1,0
"['Prankster', 'Infiltrator', 'Chlorophyll']",67,70,480,75,85,1000000,0.7,50,60,Whimsicott,77,75,116,grass,6.6,5,0,0,0,0,1,0
"['Chlorophyll', 'Own Tempo', 'Leaf Guard']",35,70,280,190,50,1000000,0.5,0,45,Petilil,70,50,30,grass,6.6,5,0,0,0,0,1,0
"['Chlorophyll', 'Own Tempo', 'Leaf Guard']",60,70,480,75,75,1000000,1.1,0,70,Lilligant,110,75,90,grass,16.3,5,0,0,0,0,1,0
"['Reckless', 'Rock Head', 'Adaptability', 'Mold Breaker']",92,70,460,25,65,1000000,1,50,70,Basculin,80,55,98,water,18,5,0,0,0,0,0,0
"['Intimidate', 'Moxie', 'Anger Point']",72,70,292,180,35,1059860,0.7,50,50,Sandile,35,35,65,ground,15.2,5,0,0,0,0,0,0
"['Intimidate', 'Moxie', 'Anger Point']",82,70,351,90,45,1059860,1,50,60,Krokorok,45,45,74,ground,33.4,5,0,0,0,0,0,0
"['Intimidate', 'Moxie', 'Anger Point']",117,70,519,45,80,1059860,1.5,50,95,Krookodile,65,70,92,ground,96.3,5,0,0,0,0,0,0
"['Hustle', 'Inner Focus']",90,70,315,120,45,1059860,0.6,50,70,Darumaka,15,45,50,fire,37.5,5,0,0,0,0,0,0
"['Sheer Force', 'Zen Mode']",30,70,540,60,105,1059860,1.3,50,105,Darmanitan,140,105,55,fire,92.9,5,0,0,0,0,0,0
"['Water Absorb', 'Chlorophyll', 'Storm Drain']",86,70,461,255,67,1000000,1,50,75,Maractus,106,67,60,grass,28,5,0,0,0,0,1,0
"['Sturdy', 'Shell Armor', 'Weak Armor']",65,70,325,190,85,1000000,0.3,50,50,Dwebble,35,35,55,bug,14.5,5,0,1,0,0,0,0
"['Sturdy', 'Shell Armor', 'Weak Armor']",105,70,485,75,125,1000000,1.4,50,70,Crustle,65,75,45,bug,200,5,0,1,0,0,0,0
"['Shed Skin', 'Moxie', 'Intimidate']",75,35,348,180,70,1000000,0.6,50,50,Scraggy,35,70,48,dark,11.8,5,0,0,0,0,0,0
"['Shed Skin', 'Moxie', 'Intimidate']",90,70,488,90,115,1000000,1.1,50,65,Scrafty,45,115,58,dark,30,5,0,0,0,0,0,0
"['Wonder Skin ', 'Magic Guard', 'Tinted Lens']",58,70,490,45,80,1000000,1.4,50,72,Sigilyph,103,80,97,psychic,14,5,0,0,0,0,0,0
['Mummy'],30,70,303,190,85,1000000,0.5,50,38,Yamask,55,65,30,ghost,1.5,5,0,0,0,0,0,0
['Mummy'],50,70,483,90,145,1000000,1.7,50,58,Cofagrigus,95,105,30,ghost,76.5,5,0,0,0,0,0,0
"['Solid Rock', 'Sturdy', 'Swift Swim']",78,70,355,45,103,1000000,0.7,88.1,54,Tirtouga,53,45,22,water,16.5,5,0,1,1,0,0,0
"['Solid Rock', 'Sturdy', 'Swift Swim']",108,70,495,45,133,1000000,1.2,88.1,74,Carracosta,83,65,32,water,81,5,0,1,1,0,0,0
['Defeatist'],112,70,401,45,45,1000000,0.5,88.1,55,Archen,74,45,70,rock,9.5,5,0,0,0,0,0,0
['Defeatist'],140,70,567,45,65,1000000,1.4,88.1,75,Archeops,112,65,110,rock,32,5,0,0,0,0,0,0
"['Stench', 'Sticky Hold', 'Aftermath']",50,70,329,190,62,1000000,0.6,50,50,Trubbish,40,62,65,poison,31,5,0,0,0,0,0,0
"['Stench', 'Weak Armor', 'Aftermath']",95,70,474,60,82,1000000,1.9,50,80,Garbodor,60,82,75,poison,107.3,5,0,0,0,0,0,0
['Illusion'],65,70,330,75,40,1059860,0.7,88.1,40,Zorua,80,40,65,dark,12.5,5,0,0,0,0,0,0
['Illusion'],105,70,510,45,60,1059860,1.6,88.1,60,Zoroark,120,60,105,dark,81.1,5,0,0,0,0,0,0
"['Cute Charm', 'Technician', 'Skill Link']",50,70,300,255,40,800000,0.4,24.6,55,Minccino,40,40,75,normal,5.8,5,0,0,0,0,0,0
"['Cute Charm', 'Technician', 'Skill Link']",95,70,470,60,60,800000,0.5,24.6,75,Cinccino,65,60,115,normal,7.5,5,0,0,0,0,0,0
"['Frisk', 'Competitive', 'Shadow Tag']",30,70,290,200,50,1059860,0.4,24.6,45,Gothita,55,65,45,psychic,5.8,5,0,0,0,0,0,0
"['Frisk', 'Competitive', 'Shadow Tag']",45,70,390,100,70,1059860,0.7,24.6,60,Gothorita,75,85,55,psychic,18,5,0,0,0,0,0,0
"['Frisk', 'Competitive', 'Shadow Tag']",55,70,490,50,95,1059860,1.5,24.6,70,Gothitelle,95,110,65,psychic,44,5,0,0,0,0,0,0
"['Overcoat', 'Magic Guard', 'Regenerator']",30,70,290,200,40,1059860,0.3,50,45,Solosis,105,50,20,psychic,1,5,0,0,0,0,0,0
"['Overcoat', 'Magic Guard', 'Regenerator']",40,70,370,100,50,1059860,0.6,50,65,Duosion,125,60,30,psychic,8,5,0,0,0,0,0,0
"['Overcoat', 'Magic Guard', 'Regenerator']",65,70,490,50,75,1059860,1,50,110,Reuniclus,125,85,30,psychic,20.1,5,0,0,0,0,0,0
"['Keen Eye', 'Big Pecks', 'Hydration']",44,70,305,190,50,1000000,0.5,50,62,Ducklett,44,50,55,water,5.5,5,0,0,0,1,0,0
"['Keen Eye', 'Big Pecks', 'Hydration']",87,70,473,45,63,1000000,1.3,50,75,Swanna,87,63,98,water,24.2,5,0,0,0,1,0,0
"['Ice Body', 'Snow Cloak', 'Weak Armor']",50,70,305,255,50,1250000,0.4,50,36,Vanillite,65,60,44,ice,5.7,5,0,0,0,0,0,0
"['Ice Body', 'Snow Cloak', 'Weak Armor']",65,70,395,120,65,1250000,1.1,50,51,Vanillish,80,75,59,ice,41,5,0,0,0,0,0,0
"['Ice Body', 'Snow Warning', 'Weak Armor']",95,70,535,45,85,1250000,1.3,50,71,Vanilluxe,110,95,79,ice,57.5,5,0,0,0,0,0,0
"['Chlorophyll', 'Sap Sipper', 'Serene Grace']",60,70,335,190,50,1000000,0.6,50,60,Deerling,40,50,75,normal,19.5,5,0,0,0,0,1,0
"['Chlorophyll', 'Sap Sipper', 'Serene Grace']",100,70,475,75,70,1000000,1.9,50,80,Sawsbuck,60,70,95,normal,92.5,5,0,0,0,0,1,0
"['Static', 'Motor Drive']",75,70,428,200,60,1000000,0.4,50,55,Emolga,75,60,103,electric,5,5,0,0,0,0,0,0
"['Swarm', 'Shed Skin', 'No Guard']",75,70,315,200,45,1000000,0.5,50,50,Karrablast,40,45,60,bug,5.9,5,0,0,0,0,0,0
"['Swarm', 'Shell Armor', 'Overcoat']",135,70,495,75,105,1000000,1,50,70,Escavalier,60,105,20,bug,33,5,0,0,0,0,0,0
"['Effect Spore', 'Regenerator']",55,70,294,190,45,1000000,0.2,50,69,Foongus,55,55,15,grass,1,5,0,0,0,0,0,0
"['Effect Spore', 'Regenerator']",85,70,464,75,70,1000000,0.6,50,114,Amoonguss,85,80,30,grass,10.5,5,0,0,0,0,0,0
"['Water Absorb', 'Cursed Body', 'Damp']",40,70,335,190,50,1000000,1.2,50,55,Frillish,65,85,40,water,33,5,0,0,0,0,0,0
"['Water Absorb', 'Cursed Body', 'Damp']",60,70,480,60,70,1000000,2.2,50,100,Jellicent,85,105,60,water,135,5,0,0,0,0,0,0
"['Healer', 'Hydration', 'Regenerator']",75,70,470,75,80,800000,1.2,50,165,Alomomola,40,45,65,water,31.6,5,0,0,0,0,0,0
"['Compoundeyes', 'Unnerve', 'Swarm']",47,70,319,190,50,1000000,0.1,50,50,Joltik,57,50,65,bug,0.6,5,0,0,0,0,0,0
"['Compoundeyes', 'Unnerve', 'Swarm']",77,70,472,75,60,1000000,0.8,50,70,Galvantula,97,60,108,bug,14.3,5,0,0,0,0,0,0
['Iron Barbs'],50,70,305,255,91,1000000,0.6,50,44,Ferroseed,24,86,10,grass,18.8,5,0,0,0,0,0,0
"['Iron Barbs', 'Anticipation']",94,70,489,90,131,1000000,1,50,74,Ferrothorn,54,116,20,grass,110,5,0,0,0,0,0,0
"['Plus', 'Minus', 'Clear Body']",55,70,300,130,70,1059860,0.3,NA,40,Klink,45,60,30,steel,21,5,0,0,0,0,0,0
"['Plus', 'Minus', 'Clear Body']",80,70,440,60,95,1059860,0.6,NA,60,Klang,70,85,50,steel,51,5,0,0,0,0,0,0
"['Plus', 'Minus', 'Clear Body']",100,70,520,30,115,1059860,0.6,NA,60,Klinklang,70,85,90,steel,81,5,0,0,0,0,0,0
['Levitate'],55,70,275,190,40,1250000,0.2,50,35,Tynamo,45,40,60,electric,0.3,5,0,0,0,0,0,1
['Levitate'],85,70,405,60,70,1250000,1.2,50,65,Eelektrik,75,70,40,electric,22,5,0,0,0,0,0,1
['Levitate'],115,70,515,30,80,1250000,2.1,50,85,Eelektross,105,80,50,electric,80.5,5,0,0,0,0,0,1
"['Telepathy', 'Synchronize', 'Analytic']",55,70,335,255,55,1000000,0.5,50,55,Elgyem,85,55,30,psychic,9,5,0,0,0,0,0,0
"['Telepathy', 'Synchronize', 'Analytic']",75,70,485,90,75,1000000,1,50,75,Beheeyem,125,95,40,psychic,34.5,5,0,0,0,0,0,0
"['Flash Fire', 'Flame Body', 'Infiltrator']",30,70,275,190,55,1059860,0.3,50,50,Litwick,65,55,20,ghost,3.1,5,0,0,0,0,0,0
"['Flash Fire', 'Flame Body', 'Infiltrator']",40,70,370,90,60,1059860,0.6,50,60,Lampent,95,60,55,ghost,13,5,0,0,0,0,0,0
"['Flash Fire', 'Flame Body', 'Infiltrator']",55,70,520,45,90,1059860,1,50,60,Chandelure,145,90,80,ghost,34.3,5,0,0,0,0,0,0
"['Rivalry', 'Mold Breaker', 'Unnerve']",87,35,320,75,60,1250000,0.6,50,46,Axew,30,40,57,dragon,18,5,0,0,0,0,0,0
"['Rivalry', 'Mold Breaker', 'Unnerve']",117,35,410,60,70,1250000,1,50,66,Fraxure,40,50,67,dragon,36,5,0,0,0,0,0,0
"['Rivalry', 'Mold Breaker', 'Unnerve']",147,35,540,45,90,1250000,1.8,50,76,Haxorus,60,70,97,dragon,105.5,5,0,0,0,0,0,0
"['Snow Cloak', 'Slush Rush', 'Rattled']",70,70,305,120,40,1000000,0.5,50,55,Cubchoo,60,40,40,ice,8.5,5,0,0,0,0,0,0
"['Snow Cloak', 'Slush Rush', 'Swift Swim']",130,70,505,60,80,1000000,2.6,50,95,Beartic,70,80,50,ice,260,5,0,0,1,0,0,0
['Levitate'],50,70,515,25,50,1000000,1.1,NA,80,Cryogonal,95,135,105,ice,148,5,0,0,0,0,0,1
"['Hydration', 'Shell Armor', 'Overcoat']",40,70,305,200,85,1000000,0.4,50,50,Shelmet,40,65,25,bug,7.7,5,0,0,0,0,0,0
"['Hydration', 'Sticky Hold', 'Unburden']",70,70,495,75,40,1000000,0.8,50,80,Accelgor,100,60,145,bug,25.3,5,0,0,0,0,0,0
"['Static', 'Limber', 'Sand Veil']",66,70,471,75,84,1000000,0.7,50,109,Stunfisk,81,99,32,ground,11,5,0,0,0,0,0,0
"['Inner Focus', 'Regenerator', 'Reckless']",85,70,350,180,50,1059860,0.9,50,45,Mienfoo,55,50,65,fighting,20,5,0,0,0,0,0,0
"['Inner Focus', 'Regenerator', 'Reckless']",125,70,510,45,60,1059860,1.4,50,65,Mienshao,95,60,105,fighting,35.5,5,0,0,0,0,0,0
"['Rough Skin', 'Sheer Force', 'Mold Breaker']",120,70,485,45,90,1000000,1.6,50,77,Druddigon,60,90,48,dragon,139,5,0,0,0,0,0,0
"['Iron Fist', 'Klutz', 'No Guard']",74,70,303,190,50,1000000,1,NA,59,Golett,35,50,35,ground,92,5,0,0,0,0,0,0
"['Iron Fist', 'Klutz', 'No Guard']",124,70,483,90,80,1000000,2.8,NA,89,Golurk,55,80,55,ground,330,5,0,0,0,0,0,0
"['Defiant', 'Inner Focus', 'Pressure']",85,35,340,120,70,1000000,0.5,50,45,Pawniard,40,40,60,dark,10.2,5,0,0,0,0,0,0
"['Defiant', 'Inner Focus', 'Pressure']",125,35,490,45,100,1000000,1.6,50,65,Bisharp,60,70,70,dark,70,5,0,0,0,0,0,0
"['Reckless', 'Sap Sipper', 'Soundproof']",110,70,490,45,95,1000000,1.6,50,95,Bouffalant,40,95,55,normal,94.6,5,0,0,0,0,0,0
"['Keen Eye', 'Sheer Force', 'Hustle']",83,70,350,190,50,1250000,0.5,100,70,Rufflet,37,50,60,normal,10.5,5,0,0,0,1,0,0
"['Keen Eye', 'Sheer Force', 'Defiant']",123,70,510,60,75,1250000,1.5,100,100,Braviary,57,75,80,normal,41,5,0,0,0,1,0,0
"['Big Pecks', 'Overcoat', 'Weak Armor']",55,35,370,190,75,1250000,0.5,0,70,Vullaby,45,65,60,dark,9,5,0,0,0,0,0,0
"['Big Pecks', 'Overcoat', 'Weak Armor']",65,35,510,60,105,1250000,1.2,0,110,Mandibuzz,55,95,80,dark,39.5,5,0,0,0,0,0,0
"['Gluttony', 'Flash Fire', 'White Smoke']",97,70,484,90,66,1000000,1.4,50,85,Heatmor,105,66,65,fire,58,5,0,0,0,0,0,0
"['Swarm', 'Hustle', 'Truant']",109,70,484,90,112,1000000,0.3,50,58,Durant,48,48,109,bug,33,5,0,0,0,0,0,0
['Hustle'],65,35,300,45,50,1250000,0.8,50,52,Deino,45,50,38,dark,17.3,5,0,0,0,0,0,0
['Hustle'],85,35,420,45,70,1250000,1.4,50,72,Zweilous,65,70,58,dark,50,5,0,0,0,0,0,0
['Levitate'],105,35,600,45,90,1250000,1.8,50,92,Hydreigon,125,90,98,dark,160,5,0,0,0,0,0,1
"['Flame Body', 'Swarm']",85,70,360,45,55,1250000,1.1,50,55,Larvesta,50,55,60,bug,28.8,5,0,0,0,0,0,0
"['Flame Body', 'Swarm']",60,70,550,15,65,1250000,1.6,50,85,Volcarona,135,105,100,bug,46,5,0,0,0,0,0,0
['Justified'],90,35,580,3,129,1250000,2.1,NA,91,Cobalion,90,72,108,steel,250,5,1,0,0,0,0,0
['Justified'],129,35,580,3,90,1250000,1.9,NA,91,Terrakion,72,90,108,rock,260,5,1,0,0,0,0,0
['Justified'],90,35,580,3,72,1250000,2,NA,91,Virizion,90,129,108,grass,200,5,1,0,0,0,0,0
"['Prankster', 'Defiant', 'Regenerator']",100,90,580,3,80,1250000,1.5,100,79,Tornadus,110,90,121,flying,63,5,1,0,0,0,0,0
"['Prankster', 'Defiant', 'Volt Absorb']",105,90,580,3,70,1250000,1.5,100,79,Thundurus,145,80,101,electric,61,5,1,0,0,0,0,0
['Turboblaze'],120,0,680,3,100,1250000,3.2,NA,100,Reshiram,150,120,90,dragon,330,5,1,0,0,0,0,0
['Teravolt'],150,0,680,3,120,1250000,2.9,NA,100,Zekrom,120,100,90,dragon,345,5,1,0,0,0,0,0
"['Sand Force', 'Sheer Force', 'Intimidate']",145,90,600,3,90,1250000,1.5,100,89,Landorus,105,80,91,ground,68,5,1,0,0,0,0,0
"['Pressure', 'Teravolt', 'Turboblaze']",120,0,700,3,90,1250000,3,NA,125,Kyurem,170,100,95,dragon,325,5,1,0,0,0,0,0
['Justified'],72,35,580,3,90,1250000,1.4,NA,91,Keldeo,129,90,108,water,48.5,5,1,0,0,0,0,0
['Serene Grace'],128,100,600,3,90,1250000,0.6,NA,100,Meloetta,77,77,128,normal,6.5,5,1,0,0,0,0,0
['Download'],120,0,600,3,95,1250000,1.5,NA,71,Genesect,120,95,99,bug,82.5,5,1,0,0,0,0,0
"['Overgrow', 'Bulletproof']",61,70,313,45,65,1059860,0.4,88.1,56,Chespin,48,45,38,grass,9,6,0,0,0,0,0,0
"['Overgrow', 'Bulletproof']",78,70,405,45,95,1059860,0.7,88.1,61,Quilladin,56,58,57,grass,29,6,0,0,0,0,0,0
"['Overgrow', 'Bulletproof']",107,70,530,45,122,1059860,1.6,88.1,88,Chesnaught,74,75,64,grass,90,6,0,0,0,0,0,0
"['Blaze', 'Magician']",45,70,307,45,40,1059860,0.4,88.1,40,Fennekin,62,60,60,fire,9.4,6,0,0,0,0,0,0
"['Blaze', 'Magician']",59,70,409,45,58,1059860,1,88.1,59,Braixen,90,70,73,fire,14.5,6,0,0,0,0,0,0
"['Blaze', 'Magician']",69,70,534,45,72,1059860,1.5,88.1,75,Delphox,114,100,104,fire,39,6,0,0,0,0,0,0
"['Torrent', 'Protean']",56,70,314,45,40,1059860,0.3,88.1,41,Froakie,62,44,71,water,7,6,0,0,0,0,0,0
"['Torrent', 'Protean']",63,70,405,45,52,1059860,0.6,88.1,54,Frogadier,83,56,97,water,10.9,6,0,0,0,0,0,0
"['Torrent', 'Protean', 'Battle Bond']",145,70,640,45,67,1059860,1.5,88.1,72,Greninja,153,71,132,water,40,6,0,0,0,0,0,0
"['Pickup', 'Cheek Pouch', 'Huge Power']",36,70,237,255,38,1000000,0.4,50,38,Bunnelby,32,36,57,normal,5,6,0,0,0,0,0,0
"['Pickup', 'Cheek Pouch', 'Huge Power']",56,70,423,127,77,1000000,1,50,85,Diggersby,50,77,78,normal,42.4,6,0,0,0,0,0,0
"['Big Pecks', 'Gale Wings']",50,70,278,255,43,1059860,0.3,50,45,Fletchling,40,38,62,normal,1.7,6,0,0,0,0,0,0
"['Flame Body', 'Gale Wings']",73,70,382,120,55,1059860,0.7,50,62,Fletchinder,56,52,84,fire,16,6,0,0,0,0,0,0
"['Flame Body', 'Gale Wings']",81,70,499,45,71,1059860,1.2,50,78,Talonflame,74,69,126,fire,24.5,6,0,0,0,0,0,0
"['Shield Dust', 'Compoundeyes', 'Friend Guard']",35,70,200,255,40,1000000,0.3,50,38,Scatterbug,27,25,35,bug,2.5,6,0,0,0,0,0,0
"['Shed Skin', 'Friend Guard']",22,70,213,120,60,1000000,0.3,50,45,Spewpa,27,30,29,bug,8.4,6,0,0,0,0,0,0
"['Shield Dust', 'Compoundeyes', 'Friend Guard']",52,70,411,45,50,1000000,1.2,50,80,Vivillon,90,50,89,bug,17,6,0,0,0,0,0,0
"['Rivalry', 'Unnerve', 'Moxie']",50,70,369,220,58,1059860,0.6,11.2,62,Litleo,73,54,72,fire,13.5,6,0,0,0,0,0,0
"['Rivalry', 'Unnerve', 'Moxie']",68,70,507,65,72,1059860,1.5,11.2,86,Pyroar,109,66,106,fire,81.5,6,0,0,0,0,0,0
"['Flower Veil', 'Symbiosis']",38,70,303,225,39,1000000,0.1,0,44,Flabébé,61,79,42,fairy,0.1,6,0,0,0,0,0,0
"['Flower Veil', 'Symbiosis']",65,70,551,120,67,1000000,0.2,0,74,Floette,125,128,92,fairy,0.9,6,0,0,0,0,0,0
"['Flower Veil', 'Symbiosis']",65,70,552,45,68,1000000,1.1,0,78,Florges,112,154,75,fairy,10,6,0,0,0,0,0,0
"['Sap Sipper', 'Grass Pelt']",65,70,350,200,48,1000000,0.9,50,66,Skiddo,62,57,52,grass,31,6,0,0,0,0,0,0
"['Sap Sipper', 'Grass Pelt']",100,70,531,45,62,1000000,1.7,50,123,Gogoat,97,81,68,grass,91,6,0,0,0,0,0,0
"['Iron Fist', 'Mold Breaker', 'Scrappy']",82,70,348,220,62,1000000,0.6,50,67,Pancham,46,48,43,fighting,8,6,0,0,0,0,0,0
"['Iron Fist', 'Mold Breaker', 'Scrappy']",124,70,495,65,78,1000000,2.1,50,95,Pangoro,69,71,58,fighting,136,6,0,0,0,0,0,0
['Fur Coat'],80,70,472,160,60,1000000,1.2,50,75,Furfrou,65,90,102,normal,28,6,0,0,0,0,0,0
"['Keen Eye', 'Infiltrator', 'Own Tempo']",48,70,355,190,54,1000000,0.3,50,62,Espurr,63,60,68,psychic,3.5,6,0,0,0,1,0,0
"['Keen Eye', 'Infiltrator', 'Prankster', 'Competitive']",48,70,466,75,76,1000000,0.6,50,74,Meowstic,83,81,104,psychic,8.5,6,0,0,0,1,0,0
['No Guard'],80,70,325,180,100,1000000,0.8,50,45,Honedge,35,37,28,steel,2,6,0,0,0,0,0,0
['No Guard'],110,70,448,90,150,1000000,0.8,50,59,Doublade,45,49,35,steel,4.5,6,0,0,0,0,0,0
['Stance Change'],150,70,520,45,50,1000000,1.7,50,60,Aegislash,150,50,60,steel,53,6,0,0,0,0,0,0
"['Healer', 'Aroma Veil']",52,70,341,200,60,1000000,0.2,50,78,Spritzee,63,65,23,fairy,0.5,6,0,0,0,0,0,0
"['Healer', 'Aroma Veil']",72,70,462,140,72,1000000,0.8,50,101,Aromatisse,99,89,29,fairy,15.5,6,0,0,0,0,0,0
"['Sweet Veil', 'Unburden']",48,70,341,200,66,1000000,0.4,50,62,Swirlix,59,57,49,fairy,3.5,6,0,0,0,0,0,0
"['Sweet Veil', 'Unburden']",80,70,480,140,86,1000000,0.8,50,82,Slurpuff,85,75,72,fairy,5,6,0,0,0,0,0,0
"['Contrary', 'Suction Cups', 'Infiltrator']",54,70,288,190,53,1000000,0.4,50,53,Inkay,37,46,45,dark,3.5,6,0,0,0,0,0,0
"['Contrary', 'Suction Cups', 'Infiltrator']",92,70,482,80,88,1000000,1.5,50,86,Malamar,68,75,73,dark,47,6,0,0,0,0,0,0
"['Tough Claws', 'Sniper', 'Pickpocket']",52,70,306,120,67,1000000,0.5,50,42,Binacle,39,56,50,rock,31,6,0,0,0,0,0,0
"['Tough Claws', 'Sniper', 'Pickpocket']",105,70,500,45,115,1000000,1.3,50,72,Barbaracle,54,86,68,rock,96,6,0,0,0,0,0,0
"['Poison Point', 'Poison Touch', 'Adaptability']",60,70,320,225,60,1000000,0.5,50,50,Skrelp,60,60,30,poison,7.3,6,0,0,0,0,0,0
"['Poison Point', 'Poison Touch', 'Adaptability']",75,70,494,55,90,1000000,1.8,50,65,Dragalge,97,123,44,poison,81.5,6,0,0,0,0,0,0
['Mega Launcher'],53,70,330,225,62,1250000,0.5,50,50,Clauncher,58,63,44,water,8.3,6,0,0,0,0,0,0
['Mega Launcher'],73,70,500,55,88,1250000,1.3,50,71,Clawitzer,120,89,59,water,35.3,6,0,0,0,0,0,0
"['Dry Skin', 'Sand Veil', 'Solar Power']",38,70,289,190,33,1000000,0.5,50,44,Helioptile,61,43,70,electric,6,6,0,0,0,0,0,0
"['Dry Skin', 'Sand Veil', 'Solar Power']",55,70,481,75,52,1000000,1,50,62,Heliolisk,109,94,109,electric,21,6,0,0,0,0,0,0
"['Strong Jaw', 'Sturdy']",89,70,362,45,77,1000000,0.8,88.1,58,Tyrunt,45,45,48,rock,26,6,0,1,0,0,0,0
"['Strong Jaw', 'Rock Head']",121,70,521,45,119,1000000,2.5,88.1,82,Tyrantrum,69,59,71,rock,270,6,0,0,0,0,0,0
"['Refrigerate', 'Snow Warning']",59,70,362,45,50,1000000,1.3,88.1,77,Amaura,67,63,46,rock,25.2,6,0,0,0,0,0,0
"['Refrigerate', 'Snow Warning']",77,70,521,45,72,1000000,2.7,88.1,123,Aurorus,99,92,58,rock,225,6,0,0,0,0,0,0
"['Cute Charm', 'Pixilate']",65,70,525,45,65,1000000,1,88.1,95,Sylveon,110,130,60,fairy,23.5,6,0,0,0,0,0,0
"['Limber', 'Unburden', 'Mold Breaker']",92,70,500,100,75,1000000,0.8,50,78,Hawlucha,74,63,118,fighting,21.5,6,0,0,0,0,0,0
"['Cheek Pouch', 'Pickup', 'Plus']",58,70,431,180,57,1000000,0.2,50,67,Dedenne,81,67,101,electric,2.2,6,0,0,0,0,0,0
"['Clear Body', 'Sturdy']",50,70,500,60,150,1250000,0.3,NA,50,Carbink,50,150,50,rock,5.7,6,0,1,0,0,0,0
"['Sap Sipper', 'Hydration', 'Gooey']",50,35,300,45,35,1250000,0.3,50,45,Goomy,55,75,40,dragon,2.8,6,0,0,0,0,0,0
"['Sap Sipper', 'Hydration', 'Gooey']",75,35,452,45,53,1250000,0.8,50,68,Sliggoo,83,113,60,dragon,17.5,6,0,0,0,0,0,0
"['Sap Sipper', 'Hydration', 'Gooey']",100,35,600,45,70,1250000,2,50,90,Goodra,110,150,80,dragon,150.5,6,0,0,0,0,0,0
"['Prankster', 'Magician']",80,70,470,75,91,800000,0.2,50,57,Klefki,80,87,75,steel,3,6,0,0,0,0,0,0
"['Natural Cure', 'Frisk', 'Harvest']",70,70,309,120,48,1000000,0.4,50,43,Phantump,50,60,38,ghost,7,6,0,0,0,0,0,0
"['Natural Cure', 'Frisk', 'Harvest']",110,70,474,60,76,1000000,1.5,50,85,Trevenant,65,82,56,ghost,71,6,0,0,0,0,0,0
"['Pickup', 'Frisk', 'Insomnia']",66,70,335,120,70,1000000,0.8,50,59,Pumpkaboo,44,55,41,ghost,15,6,0,0,0,0,0,0
"['Pickup', 'Frisk', 'Insomnia']",100,70,494,60,122,1000000,1.7,50,85,Gourgeist,58,75,54,ghost,39,6,0,0,0,0,0,0
"['Own Tempo', 'Ice Body', 'Sturdy']",69,70,304,190,85,1000000,1,50,55,Bergmite,32,35,28,ice,99.5,6,0,1,0,0,0,0
"['Own Tempo', 'Ice Body', 'Sturdy']",117,70,514,55,184,1000000,2,50,95,Avalugg,44,46,28,ice,505,6,0,1,0,0,0,0
"['Frisk', 'Infiltrator', 'Telepathy']",30,70,245,190,35,1000000,0.5,50,40,Noibat,45,40,55,flying,8,6,0,0,0,0,0,0
"['Frisk', 'Infiltrator', 'Telepathy']",70,70,535,45,80,1000000,1.5,50,85,Noivern,97,80,123,flying,85,6,0,0,0,0,0,0
['Fairy Aura'],131,0,680,45,95,1250000,3,NA,126,Xerneas,131,98,99,fairy,215,6,1,0,0,0,0,0
['Dark Aura'],131,0,680,45,95,1250000,5.8,NA,126,Yveltal,131,98,99,dark,203,6,1,0,0,0,0,0
"['Aura Break', 'Power Construct']",100,0,708,3,121,1250000,5,NA,216,Zygarde,91,95,85,dragon,284.6,6,1,0,0,0,0,0
['Clear Body'],160,70,700,3,110,1250000,0.7,NA,50,Diancie,160,110,110,rock,8.8,6,1,0,0,0,0,0
['Magician'],160,100,680,3,60,1250000,NA,NA,80,Hoopa,170,130,80,psychic,NA,6,1,0,0,0,0,0
['Water Absorb'],110,100,600,3,120,1250000,1.7,NA,80,Volcanion,130,90,70,fire,195,6,1,0,0,0,0,0
"['Overgrow', 'Long Reach']",55,70,320,45,55,1059860,0.3,88.1,68,Rowlet,50,50,42,grass,1.5,7,0,0,0,0,0,0
"['Overgrow', 'Long Reach']",75,70,420,45,75,1059860,0.7,88.1,78,Dartrix,70,70,52,grass,16,7,0,0,0,0,0,0
"['Overgrow', 'Long Reach']",107,70,530,45,75,1059860,1.6,88.1,78,Decidueye,100,100,70,grass,36.6,7,0,0,0,0,0,0
"['Blaze', 'Intimidate']",65,70,320,45,40,1059860,0.4,88.1,45,Litten,60,40,70,fire,4.3,7,0,0,0,0,0,0
"['Blaze', 'Intimidate']",85,70,420,45,50,1059860,0.7,88.1,65,Torracat,80,50,90,fire,25,7,0,0,0,0,0,0
"['Blaze', 'Intimidate']",115,70,530,45,90,1059860,1.8,88.1,95,Incineroar,80,90,60,fire,83,7,0,0,0,0,0,0
"['Torrent', 'Liquid Voice']",54,70,320,45,54,1059860,0.4,88.1,50,Popplio,66,56,40,water,7.5,7,0,0,0,0,0,0
"['Torrent', 'Liquid Voice']",69,70,420,45,69,1059860,0.6,88.1,60,Brionne,91,81,50,water,17.5,7,0,0,0,0,0,0
"['Torrent', 'Liquid Voice']",74,70,530,45,74,1059860,1.8,88.1,80,Primarina,126,116,60,water,44,7,0,0,0,0,0,0
"['Keen Eye', 'Skill Link', 'Pickup']",75,70,265,255,30,1000000,0.3,50,35,Pikipek,30,30,65,normal,1.2,7,0,0,0,1,0,0
"['Keen Eye', 'Skill Link', 'Pickup']",85,70,355,120,50,1000000,0.6,50,55,Trumbeak,40,50,75,normal,14.8,7,0,0,0,1,0,0
"['Keen Eye', 'Skill Link', 'Sheer Force']",120,70,485,45,75,1000000,1.1,50,80,Toucannon,75,75,60,normal,26,7,0,0,0,1,0,0
"['Stakeout', 'Strong Jaw', 'Adaptability']",70,70,253,255,30,1000000,0.4,50,48,Yungoos,30,30,45,normal,6,7,0,0,0,0,0,0
"['Stakeout', 'Strong Jaw', 'Adaptability']",110,70,418,127,60,1000000,0.7,50,88,Gumshoos,55,60,45,normal,14.2,7,0,0,0,0,0,0
['Swarm'],62,70,300,255,45,1000000,0.4,50,47,Grubbin,55,45,46,bug,4.4,7,0,0,0,0,0,0
['Battery'],82,70,400,120,95,1000000,0.5,50,57,Charjabug,55,75,36,bug,10.5,7,0,0,0,0,0,0
['Levitate'],70,70,500,45,90,1000000,1.5,50,77,Vikavolt,145,75,43,bug,45,7,0,0,0,0,0,1
"['Hyper Cutter', 'Iron Fist', 'Anger Point']",82,70,338,225,57,1000000,0.6,50,47,Crabrawler,42,47,63,fighting,7,7,0,0,0,0,0,0
"['Hyper Cutter', 'Iron Fist', 'Anger Point']",132,70,478,60,77,1000000,1.7,50,97,Crabominable,62,67,43,fighting,180,7,0,0,0,0,0,0
['Dancer'],70,70,476,45,70,1000000,0.6,24.6,75,Oricorio,98,70,93,fire,3.4,7,0,0,0,0,0,0
"['Honey Gather', 'Shield Dust', 'Sweet Veil']",45,70,304,190,40,1000000,0.1,50,40,Cutiefly,55,40,84,bug,0.2,7,0,0,0,0,0,0
"['Honey Gather', 'Shield Dust', 'Sweet Veil']",55,70,464,75,60,1000000,0.2,50,60,Ribombee,95,70,124,bug,0.5,7,0,0,0,0,0,0
"['Keen Eye', 'Vital Spirit', 'Steadfast']",65,70,280,190,40,1000000,0.5,50,45,Rockruff,30,40,60,rock,9.2,7,0,0,0,1,0,0
"['Keen Eye', 'Sand Rush', 'Steadfast', 'Keen Eye', 'Vital Spirit', 'No Guard']",115,70,487,90,75,1000000,NA,50,85,Lycanroc,55,75,82,rock,NA,7,0,0,0,1,0,0
['Schooling'],140,70,620,60,130,800000,0.2,50,45,Wishiwashi,140,135,30,water,0.3,7,0,0,0,0,0,0
"['Merciless', 'Limber', 'Regenerator']",53,70,305,190,62,1000000,0.4,50,50,Mareanie,43,52,45,poison,8,7,0,0,0,0,0,0
"['Merciless', 'Limber', 'Regenerator']",63,70,495,75,152,1000000,0.7,50,50,Toxapex,53,142,35,poison,14.5,7,0,0,0,0,0,0
"['Own Tempo', 'Stamina', 'Inner Focus']",100,70,385,190,70,1000000,1,50,70,Mudbray,45,55,45,ground,110,7,0,0,0,0,0,0
"['Own Tempo', 'Stamina', 'Inner Focus']",125,70,500,60,100,1000000,2.5,50,100,Mudsdale,55,85,35,ground,920,7,0,0,0,0,0,0
"['Water Bubble', 'Water Absorb']",40,70,269,200,52,1000000,0.3,50,38,Dewpider,40,72,27,water,4,7,0,0,0,0,0,0
"['Water Bubble', 'Water Absorb']",70,70,454,100,92,1000000,1.8,50,68,Araquanid,50,132,42,water,82,7,0,0,0,0,0,0
"['Leaf Guard', 'Contrary']",55,70,250,190,35,1000000,0.3,50,40,Fomantis,50,35,35,grass,1.5,7,0,0,0,0,0,0
"['Leaf Guard', 'Contrary']",105,70,480,75,90,1000000,0.9,50,70,Lurantis,80,90,45,grass,18.5,7,0,0,0,0,0,0
"['Illuminate', 'Effect Spore', 'Rain Dish']",35,70,285,190,55,1000000,0.2,50,40,Morelull,65,75,15,grass,1.5,7,0,0,0,0,0,0
"['Illuminate', 'Effect Spore', 'Rain Dish']",45,70,405,75,80,1000000,1,50,60,Shiinotic,90,100,30,grass,11.5,7,0,0,0,0,0,0
"['Corrosion', 'Oblivious']",44,70,320,120,40,1000000,0.6,88.1,48,Salandit,71,40,77,poison,4.8,7,0,0,0,0,0,0
"['Corrosion', 'Oblivious']",64,70,480,45,60,1000000,1.2,0,68,Salazzle,111,60,117,poison,22.2,7,0,0,0,0,0,0
"['Fluffy', 'Klutz', 'Cute Charm']",75,70,340,140,50,1000000,0.5,50,70,Stufful,45,50,50,normal,6.8,7,0,0,0,0,0,0
"['Fluffy', 'Klutz', 'Unnerve']",125,70,500,70,80,1000000,2.1,50,120,Bewear,55,60,60,normal,135,7,0,0,0,0,0,0
"['Leaf Guard', 'Oblivious', 'Sweet Veil']",30,70,210,235,38,1059860,0.3,0,42,Bounsweet,30,38,32,grass,3.2,7,0,0,0,0,0,0
"['Leaf Guard', 'Oblivious', 'Sweet Veil']",40,70,290,120,48,1059860,0.7,0,52,Steenee,40,48,62,grass,8.2,7,0,0,0,0,0,0
"['Leaf Guard', 'Queenly Majesty', 'Sweet Veil']",120,70,510,45,98,1059860,1.2,0,72,Tsareena,50,98,72,grass,21.4,7,0,0,0,0,0,0
"['Flower Veil', 'Triage', 'Natural Cure']",52,70,485,60,90,800000,0.1,24.6,51,Comfey,82,110,100,fairy,0.3,7,0,0,0,0,0,0
"['Inner Focus', 'Telepathy', 'Symbiosis']",60,70,490,45,80,1250000,1.5,50,90,Oranguru,90,110,60,normal,76,7,0,0,0,0,0,0
"['Receiver', 'Defiant']",120,70,490,45,90,1250000,2,50,100,Passimian,40,60,80,fighting,82.8,7,0,0,0,0,0,0
['Wimp Out'],35,70,230,90,40,1000000,0.5,50,25,Wimpod,20,30,80,bug,12,7,0,0,0,0,0,0
['Emergency Exit'],125,70,530,45,140,1000000,2,50,75,Golisopod,60,90,40,bug,108,7,0,0,0,0,0,0
"['Water Compaction', 'Sand Veil']",55,70,320,140,80,1000000,0.5,50,55,Sandygast,70,45,15,ghost,70,7,0,0,0,0,0,0
"['Water Compaction', 'Sand Veil']",75,70,480,60,110,1000000,1.3,50,85,Palossand,100,75,35,ghost,250,7,0,0,0,0,0,0
"['Innards Out', 'Unaware']",60,70,410,60,130,800000,0.3,50,55,Pyukumuku,30,130,5,water,1.2,7,0,0,0,0,0,0
['Battle Armor'],95,0,534,3,95,1250000,1.9,NA,95,Type: Null,95,95,59,normal,120.5,7,0,0,0,0,0,0
['RKS System'],95,0,570,3,95,1250000,2.3,NA,95,Silvally,95,95,95,normal,100.5,7,0,0,0,0,0,0
['Shields Down'],100,70,500,30,60,1059860,0.3,NA,60,Minior,100,60,120,rock,40,7,0,0,0,0,0,0
['Comatose'],115,70,480,45,65,1250000,0.4,50,65,Komala,75,95,65,normal,19.9,7,0,0,0,0,0,0
['Shell Armor'],78,70,485,70,135,1000000,2,50,60,Turtonator,91,85,36,fire,212,7,0,0,0,0,0,0
"['Iron Barbs', 'Lightningrod', 'Sturdy']",98,70,435,180,63,1000000,0.3,50,65,Togedemaru,40,73,96,electric,3.3,7,0,1,0,0,0,0
['Disguise'],90,70,476,45,80,1000000,0.2,50,55,Mimikyu,50,105,96,ghost,0.7,7,0,0,0,0,0,0
"['Dazzling', 'Strong Jaw', 'Wonder Skin ']",105,70,475,80,70,1000000,0.9,50,68,Bruxish,70,70,92,water,19,7,0,0,0,0,0,0
"['Berserk', 'Sap Sipper', 'Cloud Nine']",60,70,485,70,85,1000000,3,50,78,Drampa,135,91,36,normal,185,7,0,0,0,0,0,0
['Steelworker'],131,70,517,25,100,1000000,3.9,NA,70,Dhelmise,86,90,40,ghost,210,7,0,0,0,0,0,0
"['Bulletproof', 'Soundproof', 'Overcoat']",55,70,300,45,65,1250000,0.6,50,45,Jangmo-o,45,45,45,dragon,29.7,7,0,0,0,0,0,0
"['Bulletproof', 'Soundproof', 'Overcoat']",75,70,420,45,90,1250000,1.2,50,55,Hakamo-o,65,70,65,dragon,47,7,0,0,0,0,0,0
"['Bulletproof', 'Soundproof', 'Overcoat']",110,70,600,45,125,1250000,1.6,50,75,Kommo-o,100,105,85,dragon,78.2,7,0,0,0,0,0,0
"['Electric Surge', 'Telepathy']",115,70,570,3,85,1250000,1.8,NA,70,Tapu Koko,95,75,130,electric,20.5,7,1,0,0,0,0,0
"['Psychic Surge', 'Telepathy']",85,70,570,3,75,1250000,1.2,NA,70,Tapu Lele,130,115,95,psychic,18.6,7,1,0,0,0,0,0
"['Grassy Surge', 'Telepathy']",130,70,570,3,115,1250000,1.9,NA,70,Tapu Bulu,85,95,75,grass,45.5,7,1,0,0,0,0,0
"['Misty Surge', 'Telepathy']",75,70,570,3,115,1250000,1.3,NA,70,Tapu Fini,95,130,85,water,21.2,7,1,0,0,0,0,0
['Unaware'],29,0,200,45,31,1250000,0.2,NA,43,Cosmog,29,31,37,psychic,0.1,7,1,0,0,0,0,0
['Sturdy'],29,0,400,45,131,1250000,0.1,NA,43,Cosmoem,29,131,37,psychic,999.9,7,1,1,0,0,0,0
['Full Metal Body'],137,0,680,45,107,1250000,3.4,NA,137,Solgaleo,113,89,97,psychic,230,7,1,0,0,0,0,0
['Shadow Shield'],113,0,680,45,89,1250000,4,NA,137,Lunala,137,107,97,psychic,120,7,1,0,0,0,0,0
['Beast Boost'],53,0,570,45,47,1250000,1.2,NA,109,Nihilego,127,131,103,rock,55.5,7,1,0,0,0,0,0
['Beast Boost'],139,0,570,25,139,1250000,2.4,NA,107,Buzzwole,53,53,79,bug,333.6,7,1,0,0,0,0,0
['Beast Boost'],137,0,570,255,37,1250000,1.8,NA,71,Pheromosa,137,37,151,bug,25,7,1,0,0,0,0,0
['Beast Boost'],89,0,570,30,71,1250000,3.8,NA,83,Xurkitree,173,71,83,electric,100,7,1,0,0,0,0,0
['Beast Boost'],101,0,570,25,103,1250000,9.2,NA,97,Celesteela,107,101,61,steel,999.9,7,1,0,0,0,0,0
['Beast Boost'],181,0,570,255,131,1250000,0.3,NA,59,Kartana,59,31,109,grass,0.1,7,1,0,0,0,0,0
['Beast Boost'],101,0,570,15,53,1250000,5.5,NA,223,Guzzlord,97,53,43,dark,888,7,1,0,0,0,0,0
['Prism Armor'],107,0,600,3,101,1250000,2.4,NA,97,Necrozma,127,89,79,psychic,230,7,1,0,0,0,0,0
['Soul-Heart'],95,0,600,3,115,1250000,1,NA,80,Magearna,130,115,65,steel,80.5,7,1,0,0,0,0,0
